id,first_name,last_name,email,gender,ip_address
1,Antonio,Henderson,ahenderson0@mashable.com,Male,190.5.62.133
2,John,Holmes,jholmes1@spiegel.de,Male,83.157.136.163
3,Nancy,Murphy,nmurphy2@w3.org,Female,227.145.47.188
4,Gregory,Scott,gscott3@usatoday.com,Male,19.38.51.96
5,Ashley,Fisher,afisher4@yellowbook.com,Female,144.35.42.100
6,Douglas,Hamilton,dhamilton5@archive.org,Male,1.46.173.240
7,Heather,Ramirez,hramirez6@businessweek.com,Female,238.130.209.16
8,James,Ramirez,jramirez7@devhub.com,Male,76.163.108.76
9,Ernest,Watkins,ewatkins8@illinois.edu,Male,118.156.202.226
10,Donna,Romero,dromero9@instagram.com,Female,175.225.74.216
11,Cheryl,Roberts,crobertsa@qq.com,Female,86.104.39.176
12,Jessica,Williams,jwilliamsb@virginia.edu,Female,186.175.194.218
13,Linda,Dixon,ldixonc@shareasale.com,Female,101.87.154.10
14,Chris,Wheeler,cwheelerd@senate.gov,Male,145.108.15.35
15,Gregory,Hill,ghille@cdbaby.com,Male,86.11.82.223
16,Donald,Lewis,dlewisf@businesswire.com,Male,145.60.223.174
17,George,Hayes,ghayesg@bbc.co.uk,Male,203.200.95.109
18,Matthew,Fowler,mfowlerh@dyndns.org,Male,31.34.214.177
19,Brian,Jacobs,bjacobsi@gizmodo.com,Male,83.254.20.26
20,Ashley,Gonzales,agonzalesj@tamu.edu,Female,50.161.64.48
21,Fred,Lane,flanek@amazon.co.uk,Male,44.118.176.248
22,Lois,Jones,ljonesl@google.ca,Female,249.241.197.188
23,Scott,Stevens,sstevensm@webnode.com,Male,228.25.119.74
24,Jeremy,Anderson,jandersonn@samsung.com,Male,222.252.190.60
25,Johnny,Peters,jpeterso@dell.com,Male,155.107.27.111
26,Peter,Perry,pperryp@drupal.org,Male,211.128.199.247
27,Benjamin,Long,blongq@hhs.gov,Male,165.214.195.82
28,Paul,Garcia,pgarciar@cbslocal.com,Male,128.214.135.23
29,Jacqueline,Harper,jharpers@elegantthemes.com,Female,196.179.103.77
30,Edward,Rodriguez,erodriguezt@digg.com,Male,96.218.119.73
31,Jesse,Moreno,jmorenou@wunderground.com,Male,161.60.244.58
32,Michelle,Gomez,mgomezv@blogtalkradio.com,Female,239.156.78.24
33,Linda,Fowler,lfowlerw@phoca.cz,Female,149.0.133.182
34,William,Larson,wlarsonx@japanpost.jp,Male,163.227.150.116
35,Stephen,Henry,shenryy@microsoft.com,Male,49.5.19.44
36,Christopher,King,ckingz@statcounter.com,Male,82.79.177.8
37,Cynthia,Porter,cporter10@slate.com,Female,95.215.96.217
38,David,Harvey,dharvey11@princeton.edu,Male,113.228.228.127
39,Mark,Sanchez,msanchez12@bluehost.com,Male,127.58.21.117
40,Pamela,Wheeler,pwheeler13@pcworld.com,Female,47.94.77.204
41,Dorothy,Cook,dcook14@slate.com,Female,198.22.200.205
42,Fred,White,fwhite15@pen.io,Male,209.187.243.240
43,Lisa,Bishop,lbishop16@cbslocal.com,Female,71.9.190.79
44,Joan,Perkins,jperkins17@facebook.com,Female,43.182.80.199
45,Jeremy,Hayes,jhayes18@chicagotribune.com,Male,39.81.83.211
46,Donald,Morgan,dmorgan19@europa.eu,Male,235.44.49.112
47,Sandra,Murray,smurray1a@mashable.com,Female,56.20.235.241
48,Robin,Adams,radams1b@bloomberg.com,Female,142.224.219.72
49,Arthur,Johnson,ajohnson1c@ted.com,Male,24.138.0.194
50,Judith,Ruiz,jruiz1d@soundcloud.com,Female,232.76.1.249
51,Carolyn,Murray,cmurray1e@vk.com,Female,39.15.79.157
52,Alice,Jackson,ajackson1f@tiny.cc,Female,191.45.21.116
53,Ronald,Wallace,rwallace1g@gov.uk,Male,108.125.74.164
54,Tina,Baker,tbaker1h@moonfruit.com,Female,51.153.166.17
55,Steven,Webb,swebb1i@jigsy.com,Male,157.62.155.180
56,Tammy,Washington,twashington1j@mozilla.org,Female,85.57.4.60
57,Anne,Morales,amorales1k@tumblr.com,Female,243.49.44.21
58,Janet,Hicks,jhicks1l@myspace.com,Female,238.59.47.11
59,Sara,Gibson,sgibson1m@harvard.edu,Female,2.153.213.148
60,Maria,Daniels,mdaniels1n@mtv.com,Female,74.214.175.92
61,Peter,Hunter,phunter1o@webnode.com,Male,85.40.142.136
62,Carlos,Gibson,cgibson1p@cdc.gov,Male,18.223.174.28
63,Kimberly,Cole,kcole1q@narod.ru,Female,231.201.132.206
64,Stephanie,Ortiz,sortiz1r@ask.com,Female,222.207.208.61
65,Frances,Barnes,fbarnes1s@disqus.com,Female,20.169.30.63
66,James,Snyder,jsnyder1t@dyndns.org,Male,159.82.113.44
67,Mildred,Campbell,mcampbell1u@weebly.com,Female,116.63.122.239
68,Jason,Kelley,jkelley1v@geocities.com,Male,51.2.13.213
69,Lawrence,Dixon,ldixon1w@cdc.gov,Male,17.112.243.66
70,Mark,Lawson,mlawson1x@japanpost.jp,Male,14.220.34.13
71,Laura,Garrett,lgarrett1y@meetup.com,Female,97.39.25.119
72,Andrea,Perkins,aperkins1z@yahoo.co.jp,Female,112.85.60.39
73,Sean,Harrison,sharrison20@globo.com,Male,169.232.230.52
74,Rebecca,Robinson,rrobinson21@epa.gov,Female,42.199.111.102
75,Thomas,Garrett,tgarrett22@bbc.co.uk,Male,244.57.128.201
76,Jessica,Dean,jdean23@aol.com,Female,63.12.78.163
77,Catherine,Hanson,chanson24@hhs.gov,Female,165.109.91.50
78,Carolyn,Murphy,cmurphy25@timesonline.co.uk,Female,118.148.54.2
79,Kenneth,Phillips,kphillips26@usa.gov,Male,241.121.151.179
80,Susan,Olson,solson27@e-recht24.de,Female,165.94.50.148
81,Walter,Bailey,wbailey28@japanpost.jp,Male,6.164.0.30
82,Lori,Morrison,lmorrison29@topsy.com,Female,214.221.164.54
83,Evelyn,Murphy,emurphy2a@economist.com,Female,228.210.175.93
84,Richard,Pierce,rpierce2b@businessinsider.com,Male,124.167.190.184
85,Juan,Rogers,jrogers2c@examiner.com,Male,206.213.20.56
86,Eugene,Webb,ewebb2d@google.ru,Male,60.133.206.18
87,Todd,Torres,ttorres2e@naver.com,Male,157.162.45.149
88,Beverly,Ramos,bramos2f@theguardian.com,Female,199.253.222.93
89,Eugene,Crawford,ecrawford2g@dot.gov,Male,93.225.237.126
90,Gloria,Price,gprice2h@meetup.com,Female,170.60.105.22
91,Frank,Watkins,fwatkins2i@fastcompany.com,Male,226.197.221.23
92,Anna,Griffin,agriffin2j@who.int,Female,19.22.221.36
93,Justin,Baker,jbaker2k@admin.ch,Male,67.227.79.177
94,Rachel,Fisher,rfisher2l@shutterfly.com,Female,88.244.163.197
95,Lois,Elliott,lelliott2m@vkontakte.ru,Female,69.199.8.1
96,Frank,Evans,fevans2n@soundcloud.com,Male,66.56.209.182
97,Nicholas,Shaw,nshaw2o@irs.gov,Male,91.153.207.181
98,Fred,Miller,fmiller2p@businessinsider.com,Male,30.185.109.96
99,Mark,Bennett,mbennett2q@quantcast.com,Male,53.67.6.44
100,Juan,Hudson,jhudson2r@xing.com,Male,181.184.239.18
101,Chris,Burton,cburton2s@wp.com,Male,68.95.33.136
102,Sara,Diaz,sdiaz2t@who.int,Female,112.244.116.65
103,Julie,Boyd,jboyd2u@webnode.com,Female,44.66.124.158
104,Lawrence,Jones,ljones2v@quantcast.com,Male,131.177.198.205
105,Douglas,Barnes,dbarnes2w@msn.com,Male,38.157.25.85
106,Judith,Hunter,jhunter2x@angelfire.com,Female,212.219.87.11
107,Amy,Hunter,ahunter2y@hc360.com,Female,182.93.74.239
108,Kathy,Sanders,ksanders2z@nasa.gov,Female,38.33.171.125
109,Andrew,Smith,asmith30@independent.co.uk,Male,202.180.59.79
110,Johnny,Chavez,jchavez31@hexun.com,Male,118.225.249.93
111,Andrea,Hudson,ahudson32@bigcartel.com,Female,208.227.54.59
112,Rebecca,West,rwest33@histats.com,Female,138.150.169.178
113,Lori,Knight,lknight34@bbb.org,Female,0.255.234.176
114,John,Garza,jgarza35@digg.com,Male,238.242.31.166
115,Kathleen,Young,kyoung36@parallels.com,Female,89.72.37.119
116,Wayne,Sanders,wsanders37@paypal.com,Male,11.17.212.173
117,Rebecca,Payne,rpayne38@nytimes.com,Female,155.19.64.98
118,Mildred,Dixon,mdixon39@bloomberg.com,Female,56.89.100.208
119,David,Coleman,dcoleman3a@elegantthemes.com,Male,51.28.202.59
120,Jack,Elliott,jelliott3b@symantec.com,Male,45.219.196.182
121,Louise,Mills,lmills3c@reference.com,Female,122.214.234.103
122,Keith,Adams,kadams3d@cbslocal.com,Male,47.217.224.198
123,James,Powell,jpowell3e@addtoany.com,Male,151.146.43.155
124,Justin,Ortiz,jortiz3f@arstechnica.com,Male,143.60.167.224
125,Shirley,Kennedy,skennedy3g@eepurl.com,Female,160.119.73.20
126,Daniel,Bradley,dbradley3h@phoca.cz,Male,124.53.48.189
127,Christina,Reed,creed3i@go.com,Female,117.139.6.64
128,Amanda,James,ajames3j@cbslocal.com,Female,157.135.17.236
129,Samuel,Hansen,shansen3k@ucsd.edu,Male,113.42.130.138
130,Diane,George,dgeorge3l@youtu.be,Female,206.52.176.136
131,Samuel,Marshall,smarshall3m@unc.edu,Male,252.91.218.131
132,Patrick,Montgomery,pmontgomery3n@washingtonpost.com,Male,155.84.196.177
133,Laura,Perry,lperry3o@amazon.co.jp,Female,16.229.99.228
134,Antonio,Hernandez,ahernandez3p@bloglovin.com,Male,206.121.126.177
135,Irene,Schmidt,ischmidt3q@omniture.com,Female,155.81.123.252
136,Roy,Cunningham,rcunningham3r@nsw.gov.au,Male,245.243.247.113
137,Jonathan,Andrews,jandrews3s@cdc.gov,Male,242.151.137.79
138,Bruce,Hamilton,bhamilton3t@cpanel.net,Male,243.201.32.177
139,Mark,King,mking3u@google.es,Male,228.175.74.36
140,Anne,James,ajames3v@vistaprint.com,Female,160.142.87.150
141,Sara,Nichols,snichols3w@sciencedaily.com,Female,204.123.112.233
142,Donna,Watkins,dwatkins3x@livejournal.com,Female,89.74.180.224
143,Angela,Duncan,aduncan3y@google.ru,Female,145.115.50.228
144,Daniel,Morrison,dmorrison3z@amazonaws.com,Male,14.117.235.94
145,Andrea,Hansen,ahansen40@ft.com,Female,145.67.136.66
146,Lillian,Griffin,lgriffin41@yahoo.co.jp,Female,87.154.203.23
147,Raymond,Davis,rdavis42@biblegateway.com,Male,187.55.57.247
148,Cynthia,Dunn,cdunn43@miitbeian.gov.cn,Female,37.136.241.34
149,George,Berry,gberry44@bbb.org,Male,92.67.108.181
150,Tina,Kim,tkim45@constantcontact.com,Female,49.235.9.102
151,Sharon,Nguyen,snguyen46@tripadvisor.com,Female,225.198.248.27
152,Christine,Young,cyoung47@berkeley.edu,Female,191.215.238.91
153,Bonnie,Hunt,bhunt48@vinaora.com,Female,12.55.117.144
154,Emily,Fernandez,efernandez49@mapquest.com,Female,183.130.23.102
155,James,Flores,jflores4a@wikipedia.org,Male,246.251.124.170
156,Albert,Myers,amyers4b@rambler.ru,Male,96.1.107.228
157,Martha,Holmes,mholmes4c@wp.com,Female,224.49.101.61
158,Melissa,Dixon,mdixon4d@yellowpages.com,Female,238.10.103.80
159,Joyce,Cook,jcook4e@wikimedia.org,Female,28.1.244.173
160,Joyce,Spencer,jspencer4f@fastcompany.com,Female,69.81.173.192
161,Carol,Roberts,croberts4g@paginegialle.it,Female,143.127.109.239
162,Tammy,Elliott,telliott4h@who.int,Female,175.217.193.193
163,Martin,Holmes,mholmes4i@gravatar.com,Male,163.244.24.208
164,Lawrence,Bryant,lbryant4j@netscape.com,Male,87.49.205.165
165,Judy,Rice,jrice4k@surveymonkey.com,Female,24.13.4.51
166,Stephanie,Jackson,sjackson4l@chicagotribune.com,Female,145.71.63.56
167,Judy,Lawrence,jlawrence4m@pen.io,Female,79.244.2.59
168,Lois,Martin,lmartin4n@independent.co.uk,Female,68.165.190.243
169,Roger,Reed,rreed4o@sina.com.cn,Male,58.155.12.121
170,Justin,Gardner,jgardner4p@skype.com,Male,12.124.112.87
171,Craig,Hamilton,chamilton4q@time.com,Male,197.70.15.179
172,Joe,Woods,jwoods4r@skyrock.com,Male,73.137.92.232
173,Alan,Payne,apayne4s@kickstarter.com,Male,237.222.176.71
174,Amy,Schmidt,aschmidt4t@illinois.edu,Female,187.70.172.40
175,Jacqueline,Oliver,joliver4u@berkeley.edu,Female,97.232.113.159
176,Anthony,Mendoza,amendoza4v@baidu.com,Male,97.213.217.177
177,Brandon,Nelson,bnelson4w@buzzfeed.com,Male,74.144.89.63
178,Jean,Perkins,jperkins4x@constantcontact.com,Female,237.12.162.2
179,Jimmy,Adams,jadams4y@rambler.ru,Male,246.126.110.72
180,Kevin,Hudson,khudson4z@baidu.com,Male,214.254.212.167
181,Judy,Romero,jromero50@g.co,Female,110.165.231.168
182,Eric,Rose,erose51@dropbox.com,Male,76.69.69.3
183,Rachel,Henry,rhenry52@army.mil,Female,104.231.136.140
184,Carl,Parker,cparker53@mac.com,Male,113.138.17.9
185,Earl,Jacobs,ejacobs54@youku.com,Male,99.107.26.245
186,David,Montgomery,dmontgomery55@google.fr,Male,51.246.153.141
187,Emily,Jenkins,ejenkins56@harvard.edu,Female,44.8.191.20
188,Donna,Graham,dgraham57@webmd.com,Female,182.18.42.255
189,Patrick,Gilbert,pgilbert58@istockphoto.com,Male,193.29.58.174
190,Angela,Hill,ahill59@blogs.com,Female,137.189.44.31
191,Jose,King,jking5a@imageshack.us,Male,228.235.247.83
192,Michelle,Flores,mflores5b@arizona.edu,Female,134.180.3.155
193,Gerald,Cole,gcole5c@cnet.com,Male,148.49.76.24
194,Howard,Long,hlong5d@statcounter.com,Male,117.101.241.210
195,Patricia,Meyer,pmeyer5e@yahoo.co.jp,Female,140.193.180.36
196,Frank,Reynolds,freynolds5f@google.ru,Male,190.54.15.22
197,Bobby,Ramirez,bramirez5g@simplemachines.org,Male,175.16.73.85
198,Frances,Kim,fkim5h@blog.com,Female,74.99.132.162
199,Annie,Elliott,aelliott5i@ucsd.edu,Female,188.238.36.76
200,Robert,Gilbert,rgilbert5j@hubpages.com,Male,35.235.190.238
201,Amanda,Warren,awarren5k@infoseek.co.jp,Female,243.122.245.248
202,Jean,Howell,jhowell5l@ustream.tv,Female,217.222.81.82
203,Sarah,Austin,saustin5m@umich.edu,Female,16.215.28.108
204,Nicole,Morris,nmorris5n@soundcloud.com,Female,119.240.113.5
205,Jason,Carroll,jcarroll5o@google.co.uk,Male,231.194.186.179
206,Jessica,Russell,jrussell5p@cornell.edu,Female,12.54.63.126
207,Eric,Miller,emiller5q@mashable.com,Male,55.43.6.96
208,Stephen,Elliott,selliott5r@miitbeian.gov.cn,Male,184.155.58.229
209,Rachel,Scott,rscott5s@nymag.com,Female,67.82.3.102
210,Brian,Flores,bflores5t@taobao.com,Male,31.68.194.46
211,Tina,Payne,tpayne5u@hp.com,Female,230.198.19.28
212,Helen,Hamilton,hhamilton5v@drupal.org,Female,242.2.29.219
213,Bobby,Henderson,bhenderson5w@eepurl.com,Male,84.121.171.50
214,Gary,Nichols,gnichols5x@examiner.com,Male,64.128.121.216
215,William,Warren,wwarren5y@sohu.com,Male,48.243.213.115
216,Julie,Torres,jtorres5z@kickstarter.com,Female,48.63.54.152
217,Teresa,Ward,tward60@fc2.com,Female,239.57.174.101
218,Michael,Thompson,mthompson61@acquirethisname.com,Male,239.213.46.230
219,Donna,Tucker,dtucker62@issuu.com,Female,91.174.155.46
220,Katherine,Rose,krose63@un.org,Female,166.153.86.242
221,Laura,Arnold,larnold64@bravesites.com,Female,110.90.93.130
222,Alan,Graham,agraham65@icq.com,Male,45.7.8.78
223,Norma,Alvarez,nalvarez66@netscape.com,Female,51.205.67.79
224,Evelyn,Dunn,edunn67@hostgator.com,Female,30.8.154.51
225,Bobby,Fowler,bfowler68@uiuc.edu,Male,62.147.124.242
226,Ronald,Nichols,rnichols69@hao123.com,Male,18.60.237.86
227,Jeffrey,Anderson,janderson6a@yelp.com,Male,123.247.12.158
228,Frances,Carpenter,fcarpenter6b@amazon.co.uk,Female,15.213.34.22
229,Albert,Hart,ahart6c@usgs.gov,Male,209.251.221.5
230,Amy,Burton,aburton6d@ezinearticles.com,Female,201.140.190.22
231,Joyce,Cole,jcole6e@blinklist.com,Female,155.159.116.76
232,Martin,Castillo,mcastillo6f@ted.com,Male,116.233.186.187
233,Brandon,Simmons,bsimmons6g@lulu.com,Male,68.174.235.22
234,Thomas,Fuller,tfuller6h@discovery.com,Male,104.58.236.186
235,Angela,Hawkins,ahawkins6i@hud.gov,Female,12.208.142.241
236,Kathleen,Ferguson,kferguson6j@weibo.com,Female,83.163.107.196
237,Christine,Rose,crose6k@mail.ru,Female,38.65.20.162
238,Clarence,Bailey,cbailey6l@seattletimes.com,Male,146.135.44.86
239,Russell,Moreno,rmoreno6m@latimes.com,Male,107.23.86.238
240,Joseph,Cruz,jcruz6n@hexun.com,Male,143.66.213.5
241,Sean,Bishop,sbishop6o@soup.io,Male,24.67.210.33
242,Emily,Hunter,ehunter6p@globo.com,Female,78.35.184.231
243,Anna,Lane,alane6q@ameblo.jp,Female,155.170.7.33
244,Justin,Edwards,jedwards6r@state.tx.us,Male,158.123.54.200
245,Bruce,Meyer,bmeyer6s@mediafire.com,Male,97.231.172.175
246,Rebecca,Adams,radams6t@uol.com.br,Female,44.158.106.163
247,Arthur,Kim,akim6u@hhs.gov,Male,5.121.12.55
248,Martha,Rice,mrice6v@sohu.com,Female,169.157.152.78
249,Gary,Nichols,gnichols6w@fema.gov,Male,253.128.64.217
250,Brian,West,bwest6x@techcrunch.com,Male,45.247.95.38
251,Carolyn,Jordan,cjordan6y@vistaprint.com,Female,26.94.60.228
252,Eric,Hawkins,ehawkins6z@surveymonkey.com,Male,240.71.249.158
253,Shawn,Taylor,staylor70@g.co,Male,178.121.43.178
254,Sharon,Myers,smyers71@utexas.edu,Female,204.248.40.13
255,Henry,Davis,hdavis72@de.vu,Male,175.182.112.15
256,Cynthia,Thompson,cthompson73@miitbeian.gov.cn,Female,147.10.48.224
257,Angela,Greene,agreene74@issuu.com,Female,58.108.172.240
258,Jeremy,Howard,jhoward75@wikimedia.org,Male,104.1.132.33
259,Stephanie,Jenkins,sjenkins76@netscape.com,Female,131.226.150.83
260,Nicole,Mason,nmason77@ibm.com,Female,134.42.242.108
261,Jimmy,Bowman,jbowman78@yahoo.co.jp,Male,41.246.26.172
262,Patrick,Butler,pbutler79@chron.com,Male,123.7.167.64
263,Harry,Morris,hmorris7a@tmall.com,Male,137.122.202.152
264,Joseph,Banks,jbanks7b@upenn.edu,Male,69.173.145.184
265,Doris,Gutierrez,dgutierrez7c@buzzfeed.com,Female,142.164.213.124
266,Ruby,Fuller,rfuller7d@java.com,Female,9.154.107.69
267,Phillip,Jones,pjones7e@indiegogo.com,Male,62.222.207.167
268,Paula,Johnston,pjohnston7f@si.edu,Female,165.123.197.49
269,Elizabeth,Black,eblack7g@ted.com,Female,167.131.36.21
270,Kathy,Wallace,kwallace7h@mysql.com,Female,193.125.33.194
271,Susan,Weaver,sweaver7i@fda.gov,Female,153.202.22.233
272,Sarah,Gray,sgray7j@sourceforge.net,Female,138.8.133.242
273,Sara,Morales,smorales7k@adobe.com,Female,24.191.42.28
274,Douglas,Rose,drose7l@i2i.jp,Male,138.119.166.87
275,Barbara,Rivera,brivera7m@acquirethisname.com,Female,115.54.21.82
276,Donald,Shaw,dshaw7n@amazonaws.com,Male,123.22.147.97
277,Gregory,Fisher,gfisher7o@princeton.edu,Male,163.83.220.222
278,Timothy,Simmons,tsimmons7p@shop-pro.jp,Male,146.232.52.228
279,Stephen,Larson,slarson7q@tuttocitta.it,Male,227.158.234.137
280,Andrew,Peterson,apeterson7r@desdev.cn,Male,51.228.35.201
281,Timothy,Gilbert,tgilbert7s@godaddy.com,Male,139.190.54.34
282,Carlos,Castillo,ccastillo7t@engadget.com,Male,194.227.238.172
283,Sara,Nichols,snichols7u@deviantart.com,Female,228.182.212.189
284,Clarence,Fuller,cfuller7v@dropbox.com,Male,76.209.158.182
285,Rebecca,Franklin,rfranklin7w@ebay.com,Female,218.83.72.225
286,Juan,Wagner,jwagner7x@china.com.cn,Male,31.100.168.170
287,Thomas,Perez,tperez7y@yellowbook.com,Male,110.225.232.51
288,Julie,Coleman,jcoleman7z@wired.com,Female,253.33.121.38
289,Alan,Freeman,afreeman80@drupal.org,Male,205.222.232.96
290,Lawrence,Little,llittle81@cloudflare.com,Male,141.183.45.242
291,Albert,Greene,agreene82@sogou.com,Male,214.180.53.43
292,Irene,Sims,isims83@vkontakte.ru,Female,60.71.29.26
293,Anthony,Harrison,aharrison84@pen.io,Male,224.20.253.188
294,Doris,Harper,dharper85@princeton.edu,Female,246.217.61.22
295,Kevin,Moore,kmoore86@tripadvisor.com,Male,170.251.211.209
296,Nicole,Andrews,nandrews87@cnet.com,Female,204.36.157.71
297,Mary,Wells,mwells88@t.co,Female,49.172.246.157
298,Katherine,Riley,kriley89@sun.com,Female,75.38.68.96
299,Ruth,Garrett,rgarrett8a@netvibes.com,Female,141.136.13.206
300,Douglas,Smith,dsmith8b@yellowpages.com,Male,63.115.157.90
301,Karen,Berry,kberry8c@europa.eu,Female,194.119.93.13
302,Jonathan,Sullivan,jsullivan8d@oaic.gov.au,Male,115.6.222.116
303,Tammy,Young,tyoung8e@soundcloud.com,Female,208.68.103.158
304,Michelle,Hunt,mhunt8f@salon.com,Female,252.73.99.83
305,Anne,Andrews,aandrews8g@de.vu,Female,139.20.11.181
306,Christopher,Burns,cburns8h@stanford.edu,Male,144.109.123.227
307,Paul,Myers,pmyers8i@comcast.net,Male,152.250.233.209
308,Eric,Diaz,ediaz8j@amazonaws.com,Male,177.236.255.147
309,Louis,Lopez,llopez8k@noaa.gov,Male,135.221.192.189
310,Andrea,Watson,awatson8l@plala.or.jp,Female,11.167.99.74
311,Carlos,Jordan,cjordan8m@earthlink.net,Male,9.50.177.219
312,Clarence,Bowman,cbowman8n@prnewswire.com,Male,132.236.61.237
313,Maria,Richards,mrichards8o@usgs.gov,Female,94.221.98.56
314,Susan,Porter,sporter8p@constantcontact.com,Female,222.231.93.202
315,William,Gray,wgray8q@huffingtonpost.com,Male,248.115.6.55
316,Ruth,Campbell,rcampbell8r@google.com.au,Female,248.45.172.173
317,Virginia,Hayes,vhayes8s@163.com,Female,110.224.34.87
318,Teresa,Taylor,ttaylor8t@unc.edu,Female,47.172.57.75
319,Ruth,Hunter,rhunter8u@vimeo.com,Female,230.38.72.83
320,Barbara,Frazier,bfrazier8v@adobe.com,Female,209.72.234.60
321,Lawrence,Ryan,lryan8w@wufoo.com,Male,220.189.176.135
322,Helen,Taylor,htaylor8x@godaddy.com,Female,39.30.180.180
323,Catherine,Nelson,cnelson8y@sogou.com,Female,83.7.55.254
324,Amanda,Green,agreen8z@gizmodo.com,Female,241.171.250.177
325,Theresa,Spencer,tspencer90@acquirethisname.com,Female,142.187.99.82
326,Lillian,Pierce,lpierce91@fema.gov,Female,228.170.239.118
327,Katherine,Stanley,kstanley92@artisteer.com,Female,157.30.133.94
328,Nancy,Oliver,noliver93@acquirethisname.com,Female,143.137.214.189
329,Laura,Arnold,larnold94@telegraph.co.uk,Female,30.254.34.34
330,Virginia,Burton,vburton95@domainmarket.com,Female,250.161.31.119
331,Kelly,Williamson,kwilliamson96@skyrock.com,Female,111.129.139.194
332,Theresa,Warren,twarren97@people.com.cn,Female,49.208.79.41
333,Irene,Dunn,idunn98@bbb.org,Female,146.96.166.11
334,Cheryl,Gilbert,cgilbert99@networksolutions.com,Female,34.147.22.36
335,Sharon,Carroll,scarroll9a@ibm.com,Female,89.227.70.235
336,Kelly,Jacobs,kjacobs9b@businessweek.com,Female,177.77.45.199
337,Barbara,Wright,bwright9c@indiatimes.com,Female,210.37.209.195
338,Betty,Stevens,bstevens9d@posterous.com,Female,201.38.173.167
339,Wanda,Cruz,wcruz9e@opensource.org,Female,34.184.39.175
340,Victor,Kim,vkim9f@ebay.com,Male,214.135.176.223
341,Nicholas,Robertson,nrobertson9g@ucla.edu,Male,242.143.63.189
342,Alan,Rivera,arivera9h@about.me,Male,136.45.15.209
343,Patrick,Cruz,pcruz9i@soundcloud.com,Male,51.93.199.93
344,Benjamin,Hunt,bhunt9j@sitemeter.com,Male,33.156.155.207
345,Terry,Young,tyoung9k@arizona.edu,Male,24.170.244.15
346,Irene,Lane,ilane9l@4shared.com,Female,118.208.110.95
347,Jose,James,jjames9m@soup.io,Male,7.238.150.37
348,Christine,King,cking9n@de.vu,Female,184.55.213.163
349,Evelyn,Bell,ebell9o@comsenz.com,Female,83.112.176.94
350,Russell,Matthews,rmatthews9p@independent.co.uk,Male,198.151.26.237
351,Amy,Porter,aporter9q@bigcartel.com,Female,244.228.155.110
352,Michael,Perry,mperry9r@gravatar.com,Male,32.196.126.48
353,Eric,Watkins,ewatkins9s@cnn.com,Male,232.243.150.6
354,Betty,Carter,bcarter9t@nytimes.com,Female,117.126.56.241
355,Gregory,Peterson,gpeterson9u@virginia.edu,Male,167.46.196.11
356,Virginia,Walker,vwalker9v@smugmug.com,Female,90.180.76.75
357,Joan,Vasquez,jvasquez9w@usatoday.com,Female,192.104.122.239
358,Roy,Meyer,rmeyer9x@bloglines.com,Male,251.150.119.29
359,Louise,Ross,lross9y@constantcontact.com,Female,133.163.116.18
360,Joseph,Hudson,jhudson9z@tiny.cc,Male,191.2.171.136
361,Theresa,Turner,tturnera0@who.int,Female,31.147.239.194
362,Gerald,Wheeler,gwheelera1@time.com,Male,169.62.118.146
363,Angela,Green,agreena2@hostgator.com,Female,47.178.54.118
364,Marilyn,Holmes,mholmesa3@howstuffworks.com,Female,5.30.137.64
365,Juan,Ramos,jramosa4@timesonline.co.uk,Male,154.71.47.37
366,Peter,Jackson,pjacksona5@merriam-webster.com,Male,233.235.104.40
367,Margaret,Ramirez,mramireza6@acquirethisname.com,Female,206.136.7.138
368,Anna,Price,apricea7@wiley.com,Female,185.118.238.166
369,Helen,Flores,hfloresa8@dyndns.org,Female,15.71.161.68
370,Antonio,Warren,awarrena9@ca.gov,Male,67.235.85.183
371,Jonathan,Gordon,jgordonaa@sogou.com,Male,195.206.29.205
372,Daniel,Robertson,drobertsonab@cafepress.com,Male,137.66.15.158
373,Norma,Williams,nwilliamsac@webeden.co.uk,Female,162.102.245.204
374,Jose,Coleman,jcolemanad@youtube.com,Male,35.181.205.23
375,Julie,Cruz,jcruzae@odnoklassniki.ru,Female,173.10.223.109
376,Harry,Sanders,hsandersaf@delicious.com,Male,140.237.251.1
377,Juan,Hunter,jhunterag@engadget.com,Male,124.151.136.96
378,Willie,Ellis,wellisah@soup.io,Male,70.133.75.154
379,Jeffrey,Cole,jcoleai@virginia.edu,Male,190.52.212.136
380,Phillip,Garcia,pgarciaaj@ed.gov,Male,169.236.102.93
381,Nicole,Kim,nkimak@addthis.com,Female,28.132.79.246
382,Frank,Clark,fclarkal@nhs.uk,Male,58.156.198.44
383,Marie,Henry,mhenryam@clickbank.net,Female,65.80.197.17
384,Maria,Perry,mperryan@un.org,Female,217.17.227.217
385,Albert,Knight,aknightao@weibo.com,Male,64.157.93.131
386,Gloria,Jenkins,gjenkinsap@acquirethisname.com,Female,184.196.135.15
387,Gerald,Butler,gbutleraq@amazon.com,Male,101.60.34.174
388,Andrew,Murphy,amurphyar@domainmarket.com,Male,17.240.120.47
389,Betty,West,bwestas@sina.com.cn,Female,69.111.60.92
390,Mark,Rivera,mriveraat@dedecms.com,Male,187.30.12.219
391,Shirley,Hill,shillau@lycos.com,Female,207.47.231.227
392,Maria,Howard,mhowardav@sfgate.com,Female,37.130.26.25
393,Paul,Martinez,pmartinezaw@huffingtonpost.com,Male,34.162.224.156
394,Susan,Peterson,spetersonax@springer.com,Female,254.80.255.215
395,Rachel,Johnston,rjohnstonay@businesswire.com,Female,97.204.39.74
396,Gregory,Rice,griceaz@spiegel.de,Male,220.224.241.133
397,Randy,Anderson,randersonb0@hud.gov,Male,219.252.196.162
398,Anna,Richards,arichardsb1@simplemachines.org,Female,81.131.234.242
399,Russell,West,rwestb2@msn.com,Male,157.61.156.215
400,Ann,Ford,afordb3@de.vu,Female,81.146.22.45
401,Joe,Medina,jmedinab4@trellian.com,Male,57.170.231.236
402,Kelly,Hughes,khughesb5@usnews.com,Female,231.210.133.36
403,Albert,Dean,adeanb6@hao123.com,Male,71.102.136.237
404,Kenneth,Henry,khenryb7@mac.com,Male,176.134.78.44
405,Judy,Shaw,jshawb8@cafepress.com,Female,180.216.104.140
406,Christine,Franklin,cfranklinb9@bloomberg.com,Female,108.34.145.207
407,Andrea,Henry,ahenryba@spiegel.de,Female,19.166.62.97
408,Anthony,Adams,aadamsbb@wordpress.com,Male,15.108.230.222
409,Ryan,Black,rblackbc@printfriendly.com,Male,175.163.66.138
410,Marie,Wright,mwrightbd@w3.org,Female,53.129.152.234
411,Timothy,Green,tgreenbe@scribd.com,Male,215.22.250.178
412,Bonnie,West,bwestbf@tuttocitta.it,Female,89.81.196.231
413,Jessica,Bowman,jbowmanbg@weebly.com,Female,70.215.66.206
414,Ann,Bishop,abishopbh@abc.net.au,Female,215.23.106.122
415,Matthew,Morales,mmoralesbi@google.com,Male,215.140.98.255
416,Alan,George,ageorgebj@answers.com,Male,75.185.148.190
417,Judith,Hughes,jhughesbk@jigsy.com,Female,190.33.36.191
418,Dorothy,Mccoy,dmccoybl@dailymotion.com,Female,167.161.150.126
419,David,Rodriguez,drodriguezbm@answers.com,Male,137.181.177.31
420,Clarence,Payne,cpaynebn@globo.com,Male,203.54.6.219
421,Eugene,Elliott,eelliottbo@imgur.com,Male,182.142.196.180
422,Catherine,Hughes,chughesbp@addthis.com,Female,16.219.196.22
423,David,Rivera,driverabq@statcounter.com,Male,177.166.208.121
424,Jimmy,Dunn,jdunnbr@tinypic.com,Male,122.150.30.37
425,Jesse,Lynch,jlynchbs@buzzfeed.com,Male,120.132.215.144
426,Elizabeth,Hansen,ehansenbt@blogspot.com,Female,239.121.114.78
427,Stephen,Kim,skimbu@networksolutions.com,Male,10.173.68.30
428,Joe,Powell,jpowellbv@unc.edu,Male,233.220.138.175
429,Kathleen,Parker,kparkerbw@home.pl,Female,228.205.15.91
430,Alice,Freeman,afreemanbx@163.com,Female,131.32.210.100
431,Aaron,Murphy,amurphyby@google.com.br,Male,21.252.156.136
432,Denise,Fox,dfoxbz@pen.io,Female,46.64.35.117
433,Anna,Hudson,ahudsonc0@blinklist.com,Female,230.55.199.54
434,Nancy,Green,ngreenc1@ocn.ne.jp,Female,199.61.85.71
435,Paul,Wilson,pwilsonc2@themeforest.net,Male,151.193.253.4
436,Christopher,Harvey,charveyc3@deviantart.com,Male,214.180.90.137
437,Diana,Evans,devansc4@sourceforge.net,Female,113.125.111.78
438,Mildred,Brooks,mbrooksc5@1und1.de,Female,81.227.4.60
439,Evelyn,Spencer,espencerc6@sina.com.cn,Female,101.98.252.22
440,Karen,Fields,kfieldsc7@edublogs.org,Female,221.247.10.28
441,Dorothy,Mcdonald,dmcdonaldc8@tumblr.com,Female,6.21.45.184
442,Stephanie,Hill,shillc9@cbsnews.com,Female,109.62.185.3
443,Emily,Brown,ebrownca@com.com,Female,51.148.191.69
444,Anna,Gray,agraycb@amazonaws.com,Female,122.159.32.176
445,Joe,Daniels,jdanielscc@taobao.com,Male,230.224.255.152
446,Melissa,Gray,mgraycd@example.com,Female,219.79.170.221
447,Emily,Wallace,ewallacece@gmpg.org,Female,178.195.112.244
448,Julie,Austin,jaustincf@tumblr.com,Female,93.201.13.117
449,Carolyn,Austin,caustincg@patch.com,Female,213.85.160.157
450,Diana,Walker,dwalkerch@slate.com,Female,175.17.5.159
451,Joshua,Kelly,jkellyci@wiley.com,Male,184.213.135.165
452,Debra,Lynch,dlynchcj@blog.com,Female,100.45.230.129
453,Anthony,Edwards,aedwardsck@so-net.ne.jp,Male,179.188.21.58
454,Anthony,Vasquez,avasquezcl@vk.com,Male,51.117.32.8
455,Heather,Lawson,hlawsoncm@surveymonkey.com,Female,4.9.59.45
456,Kevin,Simmons,ksimmonscn@wp.com,Male,91.201.180.71
457,Sandra,Duncan,sduncanco@gravatar.com,Female,233.59.86.87
458,Jeffrey,Mendoza,jmendozacp@weather.com,Male,104.213.151.35
459,John,Myers,jmyerscq@google.cn,Male,213.35.106.249
460,Keith,Ortiz,kortizcr@businessinsider.com,Male,32.197.40.204
461,Rebecca,Robertson,rrobertsoncs@si.edu,Female,251.25.111.197
462,Terry,Lynch,tlynchct@techcrunch.com,Male,30.182.204.233
463,Elizabeth,Flores,eflorescu@wordpress.com,Female,26.162.208.22
464,Evelyn,Fowler,efowlercv@usa.gov,Female,84.243.171.244
465,Ann,Webb,awebbcw@amazon.com,Female,198.245.121.138
466,Henry,Meyer,hmeyercx@newyorker.com,Male,187.79.35.99
467,Sean,Moore,smoorecy@youtu.be,Male,212.122.247.122
468,Bobby,Gilbert,bgilbertcz@springer.com,Male,178.63.202.192
469,Cynthia,Foster,cfosterd0@latimes.com,Female,64.116.92.80
470,Randy,Rose,rrosed1@salon.com,Male,187.217.239.202
471,George,Hanson,ghansond2@yahoo.com,Male,84.38.202.28
472,Edward,Robertson,erobertsond3@photobucket.com,Male,21.221.157.54
473,Barbara,Fox,bfoxd4@gnu.org,Female,167.190.62.49
474,Katherine,Kelley,kkelleyd5@ted.com,Female,45.215.185.210
475,Janice,Bowman,jbowmand6@theglobeandmail.com,Female,42.27.191.184
476,Timothy,Nichols,tnicholsd7@yolasite.com,Male,251.201.240.116
477,Gloria,Campbell,gcampbelld8@usa.gov,Female,168.168.94.14
478,Diane,Perkins,dperkinsd9@over-blog.com,Female,174.214.203.131
479,Martha,Garrett,mgarrettda@hostgator.com,Female,117.187.239.190
480,William,Richardson,wrichardsondb@bandcamp.com,Male,134.186.78.191
481,Diana,Stevens,dstevensdc@lycos.com,Female,135.206.44.77
482,Lillian,Carpenter,lcarpenterdd@bigcartel.com,Female,91.72.69.195
483,Lawrence,Phillips,lphillipsde@arizona.edu,Male,76.128.57.199
484,Joan,Williamson,jwilliamsondf@xing.com,Female,182.96.212.25
485,Antonio,Campbell,acampbelldg@xrea.com,Male,181.3.86.55
486,Betty,Marshall,bmarshalldh@paginegialle.it,Female,49.116.144.198
487,Paula,Hughes,phughesdi@sciencedaily.com,Female,57.208.172.37
488,Arthur,Murray,amurraydj@naver.com,Male,36.0.139.159
489,Chris,Fernandez,cfernandezdk@sbwire.com,Male,249.223.188.163
490,Wayne,Morris,wmorrisdl@wikia.com,Male,33.207.94.158
491,Harry,Oliver,holiverdm@psu.edu,Male,71.8.193.104
492,Matthew,Diaz,mdiazdn@last.fm,Male,54.63.239.149
493,Peter,Perry,pperrydo@economist.com,Male,110.3.246.147
494,Debra,Evans,devansdp@thetimes.co.uk,Female,37.237.245.46
495,Ruby,Black,rblackdq@fotki.com,Female,215.86.16.219
496,Ruth,Collins,rcollinsdr@multiply.com,Female,52.199.211.128
497,Sharon,Flores,sfloresds@4shared.com,Female,11.238.59.22
498,David,Holmes,dholmesdt@ovh.net,Male,253.45.253.253
499,Albert,Cooper,acooperdu@sourceforge.net,Male,143.126.108.150
500,Donald,Burns,dburnsdv@howstuffworks.com,Male,35.210.133.58
501,Catherine,Brooks,cbrooksdw@irs.gov,Female,127.253.206.229
502,Kathy,Ryan,kryandx@cafepress.com,Female,48.167.8.139
503,Christina,Vasquez,cvasquezdy@sciencedirect.com,Female,187.13.161.42
504,Peter,Burke,pburkedz@weibo.com,Male,96.29.6.15
505,Angela,Perez,apereze0@dedecms.com,Female,180.110.88.164
506,Catherine,Willis,cwillise1@ovh.net,Female,67.200.161.187
507,Lori,Clark,lclarke2@tuttocitta.it,Female,167.45.126.31
508,Rebecca,Ray,rraye3@oakley.com,Female,163.175.160.9
509,Joshua,Harrison,jharrisone4@dyndns.org,Male,16.209.26.37
510,Gloria,Sanders,gsanderse5@elpais.com,Female,124.178.238.47
511,Judy,Berry,jberrye6@w3.org,Female,182.51.29.82
512,Scott,Mitchell,smitchelle7@engadget.com,Male,177.65.237.27
513,Mary,Henderson,mhendersone8@weibo.com,Female,117.245.243.207
514,William,Peters,wpeterse9@pcworld.com,Male,131.112.196.79
515,Kevin,Wilson,kwilsonea@woothemes.com,Male,156.48.59.95
516,Anthony,Mills,amillseb@utexas.edu,Male,39.59.153.59
517,Arthur,Duncan,aduncanec@aboutads.info,Male,250.86.126.202
518,Sarah,Crawford,scrawforded@toplist.cz,Female,109.152.86.236
519,Jennifer,Hughes,jhughesee@sohu.com,Female,37.138.160.107
520,Gerald,Rose,groseef@whitehouse.gov,Male,108.220.176.178
521,Robert,Phillips,rphillipseg@ocn.ne.jp,Male,178.135.117.97
522,Sandra,Howell,showelleh@typepad.com,Female,114.25.137.96
523,Brenda,Murphy,bmurphyei@nyu.edu,Female,48.83.65.235
524,Robin,Greene,rgreeneej@icio.us,Female,247.201.61.102
525,Earl,Roberts,erobertsek@aboutads.info,Male,37.241.4.218
526,Brandon,Ellis,bellisel@multiply.com,Male,96.126.101.168
527,Sandra,Black,sblackem@jugem.jp,Female,151.189.81.146
528,Adam,Woods,awoodsen@qq.com,Male,221.92.123.220
529,Christine,Russell,crusselleo@shop-pro.jp,Female,198.161.201.7
530,Lori,Grant,lgrantep@webeden.co.uk,Female,148.238.58.255
531,Donald,Knight,dknighteq@qq.com,Male,61.103.97.204
532,Martin,Mason,mmasoner@cbc.ca,Male,154.32.162.211
533,Keith,Grant,kgrantes@cocolog-nifty.com,Male,134.209.15.102
534,Antonio,Dunn,adunnet@over-blog.com,Male,186.195.95.68
535,Wayne,Hanson,whansoneu@hp.com,Male,40.119.96.201
536,Ashley,Rose,aroseev@goodreads.com,Female,179.86.22.244
537,Brandon,Day,bdayew@soundcloud.com,Male,6.141.226.75
538,Joe,Franklin,jfranklinex@people.com.cn,Male,103.163.196.150
539,Harold,Owens,howensey@tripod.com,Male,243.43.191.143
540,Timothy,Kelley,tkelleyez@samsung.com,Male,164.25.104.78
541,Kathy,James,kjamesf0@1und1.de,Female,239.119.172.162
542,Betty,Dean,bdeanf1@hubpages.com,Female,3.157.230.202
543,Deborah,Robertson,drobertsonf2@deliciousdays.com,Female,134.57.127.170
544,Mildred,Russell,mrussellf3@freewebs.com,Female,67.3.195.144
545,David,Morris,dmorrisf4@histats.com,Male,80.25.38.0
546,Jimmy,Fisher,jfisherf5@nydailynews.com,Male,250.34.77.237
547,Anthony,Reid,areidf6@elpais.com,Male,203.21.89.96
548,Sandra,Johnston,sjohnstonf7@census.gov,Female,112.30.171.21
549,Bonnie,Boyd,bboydf8@noaa.gov,Female,7.113.52.166
550,Jonathan,Rice,jricef9@studiopress.com,Male,137.105.48.74
551,Teresa,Henry,thenryfa@usa.gov,Female,84.8.219.101
552,Lisa,Wagner,lwagnerfb@furl.net,Female,234.238.202.174
553,Laura,Chavez,lchavezfc@deliciousdays.com,Female,49.97.29.118
554,James,Morris,jmorrisfd@creativecommons.org,Male,93.84.21.56
555,Larry,Young,lyoungfe@paypal.com,Male,41.168.109.60
556,Terry,Fernandez,tfernandezff@miitbeian.gov.cn,Male,0.211.75.169
557,Judy,Fox,jfoxfg@sourceforge.net,Female,9.58.150.115
558,Roy,White,rwhitefh@amazon.co.uk,Male,60.101.180.51
559,Roy,Stevens,rstevensfi@purevolume.com,Male,7.235.132.4
560,Annie,Wright,awrightfj@springer.com,Female,17.167.188.129
561,Tina,Hill,thillfk@army.mil,Female,185.228.84.117
562,Lillian,Foster,lfosterfl@smugmug.com,Female,90.18.70.18
563,Edward,Kelley,ekelleyfm@simplemachines.org,Male,47.22.186.131
564,Elizabeth,Brown,ebrownfn@arstechnica.com,Female,179.183.129.49
565,Phyllis,Martinez,pmartinezfo@scribd.com,Female,83.199.143.14
566,Juan,Tucker,jtuckerfp@patch.com,Male,95.196.3.132
567,Steve,Holmes,sholmesfq@shareasale.com,Male,124.39.173.170
568,Joan,Owens,jowensfr@marketwatch.com,Female,87.152.244.123
569,Kimberly,Hill,khillfs@altervista.org,Female,251.18.39.0
570,Melissa,Montgomery,mmontgomeryft@google.it,Female,21.141.30.222
571,Steven,Grant,sgrantfu@disqus.com,Male,179.60.119.125
572,Joyce,Smith,jsmithfv@uol.com.br,Female,122.96.226.151
573,Debra,Frazier,dfrazierfw@miitbeian.gov.cn,Female,192.48.27.155
574,Kenneth,Wallace,kwallacefx@ovh.net,Male,190.168.187.84
575,Alan,Lawrence,alawrencefy@jimdo.com,Male,51.246.16.207
576,Pamela,Rogers,progersfz@ycombinator.com,Female,6.78.212.241
577,Dennis,Payne,dpayneg0@discuz.net,Male,215.144.223.144
578,Maria,Cole,mcoleg1@deliciousdays.com,Female,205.110.183.128
579,Denise,Fields,dfieldsg2@wix.com,Female,169.77.192.240
580,Robert,Simmons,rsimmonsg3@facebook.com,Male,113.220.186.41
581,Louise,George,lgeorgeg4@weebly.com,Female,173.29.2.34
582,Alice,Kelley,akelleyg5@last.fm,Female,31.40.164.236
583,Doris,Pierce,dpierceg6@uiuc.edu,Female,126.173.95.199
584,Virginia,Young,vyoungg7@house.gov,Female,35.159.224.22
585,Timothy,Wallace,twallaceg8@cocolog-nifty.com,Male,224.202.177.173
586,Jeffrey,Lawson,jlawsong9@i2i.jp,Male,51.105.232.206
587,Phillip,Wood,pwoodga@dion.ne.jp,Male,184.207.181.222
588,Wanda,Nelson,wnelsongb@bluehost.com,Female,167.145.78.255
589,Louise,Simmons,lsimmonsgc@squidoo.com,Female,13.253.127.48
590,Timothy,Edwards,tedwardsgd@cafepress.com,Male,210.75.61.246
591,Judith,Nichols,jnicholsge@fastcompany.com,Female,100.170.29.226
592,Ruth,Miller,rmillergf@wix.com,Female,39.156.159.201
593,Wanda,Hall,whallgg@bluehost.com,Female,23.178.128.35
594,Thomas,Jones,tjonesgh@unicef.org,Male,123.51.254.207
595,James,White,jwhitegi@hp.com,Male,233.18.181.126
596,Wayne,Barnes,wbarnesgj@cdbaby.com,Male,54.43.159.200
597,Christina,West,cwestgk@youtube.com,Female,119.100.143.91
598,Louise,Fox,lfoxgl@statcounter.com,Female,16.108.158.17
599,Christina,Watson,cwatsongm@msu.edu,Female,20.41.192.132
600,Brian,Spencer,bspencergn@hugedomains.com,Male,229.153.200.193
601,Frances,Dean,fdeango@usnews.com,Female,137.221.14.23
602,Judith,Woods,jwoodsgp@senate.gov,Female,255.150.230.195
603,Cynthia,Clark,cclarkgq@storify.com,Female,157.101.3.96
604,Jacqueline,Green,jgreengr@list-manage.com,Female,20.223.124.69
605,Tina,Thompson,tthompsongs@youtu.be,Female,239.170.204.99
606,Annie,Chapman,achapmangt@skyrock.com,Female,44.43.41.152
607,Alan,Jordan,ajordangu@pagesperso-orange.fr,Male,238.6.48.238
608,Juan,Frazier,jfraziergv@mtv.com,Male,207.39.199.42
609,Diane,Fox,dfoxgw@shinystat.com,Female,214.1.45.155
610,Dorothy,Lawrence,dlawrencegx@canalblog.com,Female,114.92.229.49
611,Sean,Greene,sgreenegy@yolasite.com,Male,96.185.1.197
612,Jean,Richardson,jrichardsongz@about.com,Female,44.220.159.109
613,Melissa,Ward,mwardh0@wix.com,Female,105.40.213.95
614,Heather,Harper,hharperh1@ow.ly,Female,237.2.241.242
615,Sara,Hill,shillh2@biglobe.ne.jp,Female,7.53.59.215
616,Betty,Cruz,bcruzh3@dailymotion.com,Female,56.164.104.75
617,Barbara,Davis,bdavish4@tripadvisor.com,Female,14.69.111.208
618,Janice,Fox,jfoxh5@about.com,Female,203.216.133.202
619,Lois,Lopez,llopezh6@jalbum.net,Female,111.160.112.246
620,Sara,Shaw,sshawh7@auda.org.au,Female,120.149.234.243
621,Victor,Reid,vreidh8@mtv.com,Male,192.173.143.160
622,Lois,Stewart,lstewarth9@youtu.be,Female,96.118.157.189
623,Gary,Dixon,gdixonha@nifty.com,Male,20.70.215.215
624,Craig,Weaver,cweaverhb@merriam-webster.com,Male,0.49.151.233
625,Clarence,Price,cpricehc@washingtonpost.com,Male,56.238.116.80
626,Ruby,Collins,rcollinshd@cpanel.net,Female,176.233.37.103
627,Shawn,Vasquez,svasquezhe@google.es,Male,43.159.1.61
628,Julie,Robinson,jrobinsonhf@auda.org.au,Female,235.220.196.65
629,Cheryl,Stephens,cstephenshg@friendfeed.com,Female,78.38.39.173
630,Justin,James,jjameshh@usatoday.com,Male,55.60.175.80
631,Sharon,Austin,saustinhi@merriam-webster.com,Female,129.29.241.187
632,Frank,Hunt,fhunthj@google.co.jp,Male,54.158.239.158
633,Chris,Stanley,cstanleyhk@umich.edu,Male,115.231.63.189
634,Jennifer,Alexander,jalexanderhl@spotify.com,Female,227.71.18.102
635,Carlos,Roberts,crobertshm@mozilla.org,Male,143.169.91.237
636,Samuel,Jones,sjoneshn@dailymotion.com,Male,160.80.71.236
637,Dorothy,Adams,dadamsho@mtv.com,Female,33.121.101.102
638,Michelle,Lewis,mlewishp@sfgate.com,Female,141.112.180.3
639,Russell,Medina,rmedinahq@wikimedia.org,Male,77.14.218.248
640,Martha,Cole,mcolehr@tiny.cc,Female,146.57.86.132
641,Sean,Lane,slanehs@stanford.edu,Male,109.80.4.238
642,Jennifer,James,jjamesht@weather.com,Female,7.230.63.247
643,Phyllis,Taylor,ptaylorhu@amazon.co.uk,Female,165.126.141.188
644,Virginia,Davis,vdavishv@storify.com,Female,47.211.226.94
645,Brandon,Warren,bwarrenhw@studiopress.com,Male,237.17.224.201
646,Diana,Daniels,ddanielshx@godaddy.com,Female,178.218.112.33
647,Evelyn,Elliott,eelliotthy@yellowpages.com,Female,82.204.174.142
648,Sandra,Jordan,sjordanhz@desdev.cn,Female,130.32.139.37
649,Cheryl,Lane,clanei0@comcast.net,Female,126.92.168.116
650,Denise,Lawson,dlawsoni1@canalblog.com,Female,30.184.161.228
651,Barbara,Price,bpricei2@instagram.com,Female,86.225.129.13
652,Cynthia,Williamson,cwilliamsoni3@microsoft.com,Female,245.174.119.55
653,Evelyn,Kelly,ekellyi4@chronoengine.com,Female,27.179.254.253
654,Jessica,Henry,jhenryi5@alibaba.com,Female,114.247.224.123
655,Sean,Bryant,sbryanti6@squidoo.com,Male,244.40.220.200
656,Evelyn,Jenkins,ejenkinsi7@histats.com,Female,164.76.85.222
657,Doris,Rodriguez,drodriguezi8@a8.net,Female,154.203.84.143
658,Earl,Jenkins,ejenkinsi9@tiny.cc,Male,155.255.204.137
659,Todd,Patterson,tpattersonia@github.com,Male,117.103.109.64
660,Raymond,Porter,rporterib@samsung.com,Male,45.214.104.167
661,Keith,Wells,kwellsic@nationalgeographic.com,Male,12.172.139.209
662,Chris,Ellis,cellisid@gnu.org,Male,176.149.39.69
663,Joe,Henderson,jhendersonie@smugmug.com,Male,3.57.248.71
664,Janice,Perez,jperezif@amazon.de,Female,149.123.10.142
665,Sara,King,skingig@telegraph.co.uk,Female,34.211.7.145
666,Nicholas,Baker,nbakerih@github.com,Male,48.112.88.91
667,Jean,Roberts,jrobertsii@usda.gov,Female,157.115.185.6
668,Randy,Hunter,rhunterij@shareasale.com,Male,171.105.14.127
669,Beverly,Burns,bburnsik@amazonaws.com,Female,213.68.32.107
670,Theresa,Long,tlongil@cyberchimps.com,Female,25.159.133.201
671,Catherine,Taylor,ctaylorim@webmd.com,Female,64.249.194.89
672,Karen,Lawrence,klawrencein@cbc.ca,Female,26.147.180.197
673,Sara,Flores,sfloresio@wordpress.com,Female,106.232.81.113
674,Bobby,Fuller,bfullerip@cam.ac.uk,Male,191.207.73.10
675,Stephanie,Reyes,sreyesiq@istockphoto.com,Female,245.170.114.91
676,Arthur,Murray,amurrayir@hhs.gov,Male,61.119.38.57
677,Carlos,Banks,cbanksis@unicef.org,Male,87.48.92.190
678,Cynthia,Gonzales,cgonzalesit@hatena.ne.jp,Female,222.0.79.128
679,Amy,Nichols,anicholsiu@cbsnews.com,Female,251.205.41.47
680,Pamela,Greene,pgreeneiv@typepad.com,Female,67.180.91.4
681,Sandra,Gutierrez,sgutierreziw@thetimes.co.uk,Female,25.239.73.203
682,Carlos,Medina,cmedinaix@csmonitor.com,Male,135.74.28.28
683,Susan,Matthews,smatthewsiy@un.org,Female,70.101.189.63
684,David,Simmons,dsimmonsiz@sohu.com,Male,70.32.203.32
685,Jane,Bradley,jbradleyj0@topsy.com,Female,118.246.203.19
686,Frank,Henderson,fhendersonj1@irs.gov,Male,165.102.85.168
687,Dennis,Bishop,dbishopj2@npr.org,Male,218.21.187.217
688,Laura,Schmidt,lschmidtj3@netscape.com,Female,34.251.79.128
689,Brandon,Hicks,bhicksj4@squarespace.com,Male,248.131.52.25
690,Gary,Barnes,gbarnesj5@netlog.com,Male,72.41.46.106
691,Christopher,Murphy,cmurphyj6@who.int,Male,0.68.62.239
692,Katherine,Ramirez,kramirezj7@google.de,Female,12.248.66.12
693,Karen,Turner,kturnerj8@wikipedia.org,Female,30.60.41.140
694,Alan,Fox,afoxj9@cloudflare.com,Male,153.236.33.245
695,Gregory,Mccoy,gmccoyja@opensource.org,Male,23.71.0.81
696,Robin,James,rjamesjb@goo.ne.jp,Female,228.227.86.24
697,Susan,Hunter,shunterjc@illinois.edu,Female,194.9.12.116
698,Kenneth,Burton,kburtonjd@samsung.com,Male,131.185.68.48
699,Gregory,Phillips,gphillipsje@indiegogo.com,Male,249.140.245.104
700,Kenneth,Castillo,kcastillojf@nationalgeographic.com,Male,10.95.230.15
701,Paul,Reynolds,preynoldsjg@jiathis.com,Male,8.33.133.29
702,Ann,Dean,adeanjh@ezinearticles.com,Female,250.103.101.122
703,Martin,Reed,mreedji@rakuten.co.jp,Male,63.72.19.158
704,Jane,Walker,jwalkerjj@tumblr.com,Female,98.142.17.199
705,Donald,Flores,dfloresjk@trellian.com,Male,33.86.79.245
706,Raymond,Olson,rolsonjl@live.com,Male,203.231.187.128
707,Kimberly,Castillo,kcastillojm@storify.com,Female,45.247.141.7
708,Barbara,Garrett,bgarrettjn@bing.com,Female,28.84.254.54
709,Edward,Hall,ehalljo@geocities.com,Male,115.172.13.23
710,Diana,Walker,dwalkerjp@myspace.com,Female,141.109.118.137
711,Keith,Holmes,kholmesjq@ovh.net,Male,155.66.73.248
712,Raymond,Mendoza,rmendozajr@cyberchimps.com,Male,255.254.23.35
713,Tina,Crawford,tcrawfordjs@wired.com,Female,34.116.98.210
714,Scott,Boyd,sboydjt@wunderground.com,Male,236.154.142.183
715,Sandra,Kelley,skelleyju@wufoo.com,Female,39.52.239.121
716,Rebecca,Hill,rhilljv@comsenz.com,Female,71.254.31.102
717,Jason,Hudson,jhudsonjw@hao123.com,Male,197.213.186.249
718,Kevin,Wright,kwrightjx@ocn.ne.jp,Male,25.49.165.183
719,Karen,Garza,kgarzajy@meetup.com,Female,73.157.184.77
720,Steven,Matthews,smatthewsjz@nps.gov,Male,233.19.104.85
721,Sean,Spencer,sspencerk0@exblog.jp,Male,43.131.44.67
722,Heather,Flores,hfloresk1@yolasite.com,Female,171.202.93.49
723,Anna,Palmer,apalmerk2@bing.com,Female,77.146.100.169
724,Kenneth,Frazier,kfrazierk3@privacy.gov.au,Male,105.111.226.139
725,Michelle,Jordan,mjordank4@google.es,Female,105.129.51.19
726,Dorothy,Ruiz,druizk5@etsy.com,Female,210.42.58.118
727,Doris,Hughes,dhughesk6@sbwire.com,Female,229.149.174.163
728,Mildred,Robinson,mrobinsonk7@homestead.com,Female,221.91.227.112
729,Phillip,Webb,pwebbk8@last.fm,Male,177.225.38.112
730,Catherine,Garza,cgarzak9@google.es,Female,157.251.2.114
731,Linda,Arnold,larnoldka@printfriendly.com,Female,231.246.128.89
732,Rose,Wells,rwellskb@barnesandnoble.com,Female,182.167.202.35
733,Lois,Fernandez,lfernandezkc@sourceforge.net,Female,93.130.186.179
734,Beverly,Bowman,bbowmankd@craigslist.org,Female,61.130.80.166
735,Kathryn,Daniels,kdanielske@topsy.com,Female,103.135.12.169
736,Justin,Evans,jevanskf@utexas.edu,Male,175.136.60.162
737,Richard,Day,rdaykg@goo.ne.jp,Male,228.121.101.119
738,Paula,Wood,pwoodkh@intel.com,Female,142.175.249.124
739,Christopher,Vasquez,cvasquezki@dmoz.org,Male,54.4.2.158
740,Carlos,Edwards,cedwardskj@sohu.com,Male,162.37.51.36
741,John,Fields,jfieldskk@state.gov,Male,147.116.58.238
742,Alan,Cole,acolekl@deliciousdays.com,Male,233.159.101.215
743,Anne,Meyer,ameyerkm@oakley.com,Female,202.174.19.167
744,Donald,Kelly,dkellykn@tinypic.com,Male,95.50.69.71
745,Paul,Bradley,pbradleyko@multiply.com,Male,24.228.126.185
746,Linda,Edwards,ledwardskp@arizona.edu,Female,54.103.52.211
747,Kenneth,Cruz,kcruzkq@state.tx.us,Male,98.18.32.150
748,Larry,Ward,lwardkr@creativecommons.org,Male,200.188.76.216
749,Lillian,Barnes,lbarnesks@nifty.com,Female,228.76.65.139
750,Jacqueline,Hamilton,jhamiltonkt@ezinearticles.com,Female,192.99.213.8
751,Bobby,Austin,baustinku@ucoz.com,Male,45.51.135.115
752,Ralph,Williams,rwilliamskv@tiny.cc,Male,161.228.177.221
753,Aaron,Gordon,agordonkw@imgur.com,Male,110.183.22.25
754,Phyllis,Burton,pburtonkx@latimes.com,Female,203.13.201.23
755,Norma,Ray,nrayky@deliciousdays.com,Female,237.162.106.134
756,Shawn,Myers,smyerskz@goo.gl,Male,53.253.240.141
757,Terry,Edwards,tedwardsl0@nih.gov,Male,132.90.123.50
758,Juan,Graham,jgrahaml1@icio.us,Male,21.186.32.67
759,Susan,Stephens,sstephensl2@independent.co.uk,Female,13.120.22.21
760,Wayne,Gilbert,wgilbertl3@jugem.jp,Male,233.46.119.103
761,Theresa,Fowler,tfowlerl4@cloudflare.com,Female,20.190.8.76
762,Joyce,Hernandez,jhernandezl5@dyndns.org,Female,58.31.224.103
763,Tina,Thompson,tthompsonl6@elegantthemes.com,Female,113.67.6.4
764,Billy,Mason,bmasonl7@cloudflare.com,Male,86.39.27.36
765,Kelly,Rodriguez,krodriguezl8@guardian.co.uk,Female,57.9.157.154
766,Catherine,Cole,ccolel9@biblegateway.com,Female,153.79.22.94
767,Mary,Peters,mpetersla@google.com.hk,Female,215.240.98.212
768,Chris,Payne,cpaynelb@skype.com,Male,247.58.207.112
769,Nancy,Williams,nwilliamslc@latimes.com,Female,17.215.127.127
770,Pamela,Howell,phowellld@prnewswire.com,Female,38.93.113.108
771,Benjamin,Bennett,bbennettle@indiatimes.com,Male,163.34.173.211
772,Daniel,Reyes,dreyeslf@bluehost.com,Male,196.16.67.124
773,Wayne,Austin,waustinlg@cmu.edu,Male,239.129.2.207
774,Steven,Castillo,scastillolh@multiply.com,Male,40.133.20.0
775,Michael,Gutierrez,mgutierrezli@chronoengine.com,Male,129.180.135.186
776,Susan,Powell,spowelllj@weibo.com,Female,167.11.219.175
777,Adam,Cook,acooklk@wired.com,Male,170.25.89.40
778,Brian,Schmidt,bschmidtll@walmart.com,Male,87.213.194.225
779,Steven,Garcia,sgarcialm@telegraph.co.uk,Male,119.10.13.31
780,Pamela,Marshall,pmarshallln@disqus.com,Female,50.183.51.160
781,Julie,Watson,jwatsonlo@t-online.de,Female,145.55.44.224
782,Christine,Wagner,cwagnerlp@bing.com,Female,89.66.250.66
783,Juan,Medina,jmedinalq@prnewswire.com,Male,61.145.86.197
784,Virginia,Howell,vhowelllr@blogs.com,Female,24.98.34.122
785,Judith,Webb,jwebbls@altervista.org,Female,156.38.16.248
786,Samuel,Rice,sricelt@imgur.com,Male,223.247.149.129
787,Arthur,Rose,aroselu@weebly.com,Male,94.101.43.81
788,Dennis,Holmes,dholmeslv@addtoany.com,Male,93.137.203.120
789,Jimmy,Burton,jburtonlw@princeton.edu,Male,130.243.148.233
790,Christine,Freeman,cfreemanlx@go.com,Female,189.2.72.99
791,Phyllis,Cox,pcoxly@ca.gov,Female,229.76.137.94
792,Melissa,Smith,msmithlz@rakuten.co.jp,Female,52.39.222.151
793,Shawn,Bowman,sbowmanm0@salon.com,Male,92.123.218.29
794,Roy,Clark,rclarkm1@wisc.edu,Male,157.45.155.53
795,Kimberly,Graham,kgrahamm2@chicagotribune.com,Female,249.233.112.236
796,Philip,Burke,pburkem3@upenn.edu,Male,136.17.194.54
797,Christina,Hayes,chayesm4@tripod.com,Female,96.151.230.59
798,Sandra,Bowman,sbowmanm5@admin.ch,Female,96.2.128.74
799,Diana,Rodriguez,drodriguezm6@webnode.com,Female,218.144.245.113
800,Jerry,Stone,jstonem7@unblog.fr,Male,224.79.189.87
801,Christopher,Garcia,cgarciam8@unc.edu,Male,60.1.116.245
802,Nancy,Gordon,ngordonm9@list-manage.com,Female,164.84.57.62
803,Eric,Ward,ewardma@amazon.com,Male,47.174.108.126
804,Phyllis,Gutierrez,pgutierrezmb@nsw.gov.au,Female,25.20.47.140
805,Eugene,Smith,esmithmc@harvard.edu,Male,116.204.111.133
806,Chris,Hughes,chughesmd@networkadvertising.org,Male,252.85.221.234
807,Gerald,Daniels,gdanielsme@intel.com,Male,196.204.83.131
808,Joe,Hunter,jhuntermf@sourceforge.net,Male,234.139.228.64
809,Jason,Campbell,jcampbellmg@macromedia.com,Male,155.107.163.181
810,Wayne,Hughes,whughesmh@irs.gov,Male,41.174.234.153
811,Alan,Taylor,ataylormi@scribd.com,Male,87.241.149.241
812,Tammy,Hill,thillmj@yelp.com,Female,66.46.30.116
813,Judy,Warren,jwarrenmk@infoseek.co.jp,Female,143.67.213.116
814,Joe,Hughes,jhughesml@google.nl,Male,172.77.128.126
815,Ernest,Watson,ewatsonmm@tumblr.com,Male,171.248.44.105
816,Russell,Ryan,rryanmn@homestead.com,Male,53.164.62.80
817,Antonio,Spencer,aspencermo@samsung.com,Male,209.194.169.206
818,Jerry,Hill,jhillmp@rediff.com,Male,94.5.81.78
819,Virginia,Lee,vleemq@networksolutions.com,Female,110.8.79.203
820,Brian,Duncan,bduncanmr@taobao.com,Male,96.83.77.201
821,Brenda,Meyer,bmeyerms@apache.org,Female,220.134.20.151
822,James,Hayes,jhayesmt@yahoo.co.jp,Male,231.98.74.27
823,Bonnie,Ford,bfordmu@va.gov,Female,67.254.30.172
824,Ruby,Anderson,randersonmv@printfriendly.com,Female,154.115.255.249
825,Douglas,Torres,dtorresmw@deliciousdays.com,Male,112.205.98.50
826,Sandra,Cox,scoxmx@webnode.com,Female,6.238.224.110
827,Julie,Stevens,jstevensmy@blogger.com,Female,150.32.97.186
828,Howard,Butler,hbutlermz@wsj.com,Male,170.214.43.238
829,Arthur,Scott,ascottn0@dailymotion.com,Male,42.100.197.16
830,Karen,Elliott,kelliottn1@epa.gov,Female,60.178.40.142
831,Anthony,Torres,atorresn2@jimdo.com,Male,186.151.194.133
832,Andrew,Bradley,abradleyn3@chicagotribune.com,Male,187.207.63.88
833,Ruth,Larson,rlarsonn4@unicef.org,Female,66.249.139.106
834,Doris,Lawrence,dlawrencen5@fotki.com,Female,74.199.155.20
835,Lori,Hill,lhilln6@tinyurl.com,Female,0.57.3.70
836,Helen,Dunn,hdunnn7@i2i.jp,Female,75.145.93.124
837,Keith,Ward,kwardn8@typepad.com,Male,8.124.20.191
838,Denise,Crawford,dcrawfordn9@vistaprint.com,Female,222.185.69.68
839,Donna,Campbell,dcampbellna@zimbio.com,Female,7.48.122.111
840,Eugene,Evans,eevansnb@adobe.com,Male,127.21.95.179
841,Theresa,Griffin,tgriffinnc@ucla.edu,Female,161.122.218.178
842,Ruby,Cooper,rcoopernd@cargocollective.com,Female,198.54.239.121
843,Judy,Adams,jadamsne@time.com,Female,172.136.171.211
844,Emily,Hunt,ehuntnf@odnoklassniki.ru,Female,47.28.85.175
845,Anthony,Gray,agrayng@youku.com,Male,20.5.34.195
846,Ryan,Lane,rlanenh@state.gov,Male,14.18.105.65
847,Amanda,Warren,awarrenni@berkeley.edu,Female,182.38.188.175
848,Charles,Riley,crileynj@nhs.uk,Male,190.254.203.148
849,Lois,Hawkins,lhawkinsnk@shop-pro.jp,Female,241.243.170.249
850,Keith,White,kwhitenl@dyndns.org,Male,122.106.170.212
851,Shawn,Bradley,sbradleynm@discovery.com,Male,13.55.110.31
852,Jean,Martin,jmartinnn@google.com.br,Female,145.58.185.238
853,James,Roberts,jrobertsno@usgs.gov,Male,204.236.230.148
854,Cynthia,Barnes,cbarnesnp@a8.net,Female,15.131.143.106
855,Anne,Little,alittlenq@toplist.cz,Female,212.176.199.41
856,Robin,Perry,rperrynr@tmall.com,Female,169.190.177.34
857,Tammy,Baker,tbakerns@ning.com,Female,76.179.187.8
858,Amy,King,akingnt@mozilla.com,Female,215.196.1.15
859,Elizabeth,Carter,ecarternu@geocities.jp,Female,166.70.107.244
860,Johnny,Simpson,jsimpsonnv@newsvine.com,Male,19.75.7.115
861,Victor,Bell,vbellnw@unblog.fr,Male,255.94.223.31
862,Margaret,Hunt,mhuntnx@vimeo.com,Female,47.123.196.226
863,Wanda,Berry,wberryny@sfgate.com,Female,4.224.5.220
864,James,Davis,jdavisnz@sun.com,Male,18.193.57.213
865,Donna,Patterson,dpattersono0@umich.edu,Female,155.217.131.162
866,Christopher,Perry,cperryo1@diigo.com,Male,143.133.13.140
867,Mildred,Matthews,mmatthewso2@pagesperso-orange.fr,Female,171.240.206.91
868,Melissa,Hughes,mhugheso3@apache.org,Female,121.8.150.40
869,Sarah,Washington,swashingtono4@who.int,Female,223.61.102.68
870,Sara,Bryant,sbryanto5@yandex.ru,Female,24.234.62.168
871,Carl,Foster,cfostero6@economist.com,Male,25.122.192.107
872,Linda,Sims,lsimso7@wunderground.com,Female,9.226.161.234
873,Beverly,Fox,bfoxo8@weibo.com,Female,38.148.63.95
874,Laura,Harper,lharpero9@marriott.com,Female,141.94.40.137
875,George,Rodriguez,grodriguezoa@nydailynews.com,Male,201.242.61.244
876,Roger,Shaw,rshawob@vimeo.com,Male,31.224.104.141
877,Antonio,Patterson,apattersonoc@samsung.com,Male,198.247.206.19
878,Maria,Bowman,mbowmanod@admin.ch,Female,223.175.12.252
879,Jerry,Stanley,jstanleyoe@oracle.com,Male,194.179.89.184
880,Sharon,Hunter,shunterof@hostgator.com,Female,177.145.223.66
881,Edward,Green,egreenog@telegraph.co.uk,Male,140.46.104.20
882,Rose,Rose,rroseoh@mail.ru,Female,0.200.41.255
883,Lisa,Peters,lpetersoi@techcrunch.com,Female,101.32.100.82
884,Matthew,Cook,mcookoj@vinaora.com,Male,54.181.15.149
885,David,Vasquez,dvasquezok@flickr.com,Male,55.129.202.51
886,Teresa,Castillo,tcastillool@census.gov,Female,220.179.12.65
887,Sharon,Green,sgreenom@jugem.jp,Female,217.49.11.36
888,Randy,Rogers,rrogerson@linkedin.com,Male,13.58.181.57
889,Frances,Hunter,fhunteroo@ocn.ne.jp,Female,169.171.20.101
890,Carol,Ruiz,cruizop@accuweather.com,Female,19.217.157.212
891,Evelyn,Phillips,ephillipsoq@epa.gov,Female,241.42.34.69
892,Cynthia,Davis,cdavisor@reuters.com,Female,132.73.206.205
893,Russell,Gomez,rgomezos@indiegogo.com,Male,115.174.158.17
894,Anne,Morris,amorrisot@stumbleupon.com,Female,49.124.16.68
895,Doris,Nguyen,dnguyenou@sciencedirect.com,Female,81.215.115.240
896,Sharon,Roberts,srobertsov@mit.edu,Female,25.203.166.184
897,Brandon,Evans,bevansow@cnn.com,Male,9.29.164.22
898,Donald,Harper,dharperox@live.com,Male,75.87.32.47
899,Andrea,Dean,adeanoy@berkeley.edu,Female,166.112.37.95
900,Raymond,Fisher,rfisheroz@usnews.com,Male,12.25.192.20
901,Willie,West,wwestp0@flickr.com,Male,107.236.192.86
902,Denise,Hunt,dhuntp1@eventbrite.com,Female,156.76.25.193
903,Shirley,Morales,smoralesp2@gnu.org,Female,133.78.240.49
904,Chris,Scott,cscottp3@weibo.com,Male,80.164.45.206
905,Anne,Washington,awashingtonp4@liveinternet.ru,Female,231.218.172.247
906,Gloria,Peterson,gpetersonp5@smh.com.au,Female,251.105.239.204
907,Scott,Shaw,sshawp6@dot.gov,Male,222.5.150.229
908,James,Perez,jperezp7@elpais.com,Male,93.165.2.131
909,Harold,Murray,hmurrayp8@behance.net,Male,61.12.121.238
910,Steve,Howell,showellp9@techcrunch.com,Male,200.105.115.42
911,Anne,Long,alongpa@technorati.com,Female,232.122.60.251
912,Carl,Garcia,cgarciapb@dagondesign.com,Male,71.216.223.197
913,Sara,Murray,smurraypc@taobao.com,Female,48.204.210.136
914,Jerry,Cox,jcoxpd@sun.com,Male,65.158.113.18
915,Susan,Lawrence,slawrencepe@netscape.com,Female,5.6.59.237
916,Christina,Sanchez,csanchezpf@unc.edu,Female,244.7.58.28
917,Amanda,Bailey,abaileypg@dot.gov,Female,51.126.199.5
918,James,Mitchell,jmitchellph@so-net.ne.jp,Male,30.143.198.2
919,Cynthia,Wells,cwellspi@dot.gov,Female,57.145.135.229
920,Tammy,Fuller,tfullerpj@mashable.com,Female,138.164.105.45
921,Frances,Powell,fpowellpk@behance.net,Female,4.119.134.218
922,Johnny,Moore,jmoorepl@ezinearticles.com,Male,208.197.209.136
923,Joan,Larson,jlarsonpm@google.com.au,Female,223.49.66.231
924,John,Harvey,jharveypn@yahoo.com,Male,74.101.24.47
925,Gerald,Ellis,gellispo@engadget.com,Male,19.38.143.128
926,Mary,Bryant,mbryantpp@wufoo.com,Female,142.66.95.53
927,Rachel,Davis,rdavispq@soup.io,Female,169.135.101.235
928,Joe,Dunn,jdunnpr@icq.com,Male,252.129.1.97
929,Maria,Ray,mrayps@dedecms.com,Female,26.129.221.234
930,Scott,Kelly,skellypt@booking.com,Male,111.177.194.9
931,Rachel,Lawson,rlawsonpu@paginegialle.it,Female,29.94.245.201
932,Marie,Bryant,mbryantpv@twitpic.com,Female,86.18.113.161
933,Helen,Cruz,hcruzpw@tinypic.com,Female,180.33.106.184
934,Patricia,Thomas,pthomaspx@chron.com,Female,60.223.69.215
935,Emily,Gray,egraypy@marriott.com,Female,59.55.43.184
936,Deborah,Wallace,dwallacepz@slideshare.net,Female,234.235.57.126
937,Joyce,Henry,jhenryq0@discovery.com,Female,135.78.215.72
938,Julie,Peterson,jpetersonq1@ow.ly,Female,20.86.17.223
939,Amanda,Ruiz,aruizq2@linkedin.com,Female,224.95.207.139
940,Janice,Butler,jbutlerq3@a8.net,Female,49.248.76.202
941,Rachel,Fisher,rfisherq4@msn.com,Female,238.137.237.88
942,Gary,Woods,gwoodsq5@cocolog-nifty.com,Male,233.225.186.17
943,Richard,Holmes,rholmesq6@dyndns.org,Male,69.234.69.87
944,Charles,Burton,cburtonq7@imageshack.us,Male,36.108.101.1
945,Phyllis,Robinson,probinsonq8@fda.gov,Female,83.156.221.57
946,Judy,Walker,jwalkerq9@t.co,Female,7.91.155.174
947,Kimberly,Pierce,kpierceqa@amazon.de,Female,87.247.169.163
948,Shawn,Ramirez,sramirezqb@youtu.be,Male,39.236.224.112
949,Evelyn,Long,elongqc@ebay.co.uk,Female,106.179.161.32
950,Joe,Parker,jparkerqd@dagondesign.com,Male,227.12.139.31
951,Denise,Crawford,dcrawfordqe@e-recht24.de,Female,147.14.60.186
952,Robert,Williamson,rwilliamsonqf@epa.gov,Male,228.250.109.229
953,Jesse,James,jjamesqg@google.it,Male,177.243.136.178
954,Phillip,Mccoy,pmccoyqh@walmart.com,Male,31.79.179.54
955,Stephen,Gray,sgrayqi@admin.ch,Male,35.82.247.220
956,Kathryn,Jones,kjonesqj@flickr.com,Female,119.188.46.220
957,Rose,Carpenter,rcarpenterqk@deviantart.com,Female,0.41.52.216
958,Kathryn,Patterson,kpattersonql@state.tx.us,Female,85.115.143.168
959,Maria,Graham,mgrahamqm@dailymotion.com,Female,94.49.209.226
960,Jack,Hansen,jhansenqn@vimeo.com,Male,147.216.201.42
961,Jeremy,Warren,jwarrenqo@mapquest.com,Male,160.193.184.17
962,Charles,Martin,cmartinqp@yolasite.com,Male,53.217.216.207
963,Judy,Castillo,jcastilloqq@surveymonkey.com,Female,124.175.182.210
964,Shawn,Palmer,spalmerqr@jimdo.com,Male,94.184.66.92
965,Raymond,Cooper,rcooperqs@jugem.jp,Male,70.54.45.83
966,Catherine,Kelly,ckellyqt@google.es,Female,14.182.229.9
967,Susan,Kelly,skellyqu@ocn.ne.jp,Female,8.230.79.24
968,Jennifer,Howell,jhowellqv@cisco.com,Female,156.150.77.254
969,Kathy,Burke,kburkeqw@about.com,Female,16.87.15.222
970,Bruce,Hart,bhartqx@msn.com,Male,68.154.26.206
971,Deborah,Jacobs,djacobsqy@abc.net.au,Female,8.169.151.135
972,Bonnie,Rodriguez,brodriguezqz@moonfruit.com,Female,143.44.146.194
973,Donna,Hall,dhallr0@sakura.ne.jp,Female,22.42.109.238
974,Joyce,Castillo,jcastillor1@google.pl,Female,118.57.191.112
975,Michael,Myers,mmyersr2@quantcast.com,Male,9.223.58.91
976,Sarah,Freeman,sfreemanr3@businessweek.com,Female,42.9.52.247
977,Deborah,Harvey,dharveyr4@time.com,Female,97.79.82.54
978,Jason,West,jwestr5@parallels.com,Male,241.248.130.117
979,Barbara,Flores,bfloresr6@chron.com,Female,231.152.166.49
980,Rachel,Bennett,rbennettr7@eventbrite.com,Female,108.49.67.181
981,Eric,Hawkins,ehawkinsr8@cloudflare.com,Male,236.99.242.129
982,Mildred,Mitchell,mmitchellr9@smh.com.au,Female,119.81.219.32
983,Deborah,Austin,daustinra@livejournal.com,Female,2.129.110.78
984,Edward,Stone,estonerb@java.com,Male,216.24.82.80
985,Judith,Robertson,jrobertsonrc@miitbeian.gov.cn,Female,186.225.248.9
986,Jane,Hall,jhallrd@marriott.com,Female,19.139.0.21
987,Katherine,Stone,kstonere@wunderground.com,Female,88.218.199.219
988,Nicholas,Wright,nwrightrf@cbsnews.com,Male,69.117.88.145
989,Dennis,Morgan,dmorganrg@uol.com.br,Male,111.2.127.8
990,Janet,Myers,jmyersrh@deliciousdays.com,Female,149.119.79.35
991,Christina,Arnold,carnoldri@netvibes.com,Female,226.157.74.235
992,Betty,Williams,bwilliamsrj@columbia.edu,Female,130.89.143.37
993,Arthur,Roberts,arobertsrk@google.it,Male,133.142.103.159
994,Joe,Sanders,jsandersrl@homestead.com,Male,7.171.244.47
995,Aaron,Knight,aknightrm@jigsy.com,Male,54.178.2.181
996,Dennis,Washington,dwashingtonrn@xinhuanet.com,Male,80.184.62.119
997,Judith,Ramirez,jramirezro@networksolutions.com,Female,41.90.176.201
998,Marie,Harper,mharperrp@biblegateway.com,Female,52.58.8.123
999,Philip,Perez,pperezrq@oakley.com,Male,158.182.7.215
1000,Robin,Lopez,rlopezrr@gnu.org,Female,52.224.109.154
