number123,first_name,last_name,email,gender,ip,phone_number
1,Jean,George,jgeorge0@over-blog.com,Female,160.138.50.187,33-(474)393-4172
2,Kathy,Morales,kmorales1@friendfeed.com,Female,59.139.215.59,86-(836)974-7946
3,Barbara,Price,bprice2@digg.com,Female,197.27.206.83,86-(613)429-2233
4,Clarence,Bishop,cbishop3@merriam-webster.com,Male,76.92.188.143,66-(870)674-1707
5,William,Fernandez,wfernandez4@huffingtonpost.com,Male,223.248.198.79,86-(578)636-4296
6,Paul,Reynolds,preynolds5@cnn.com,Male,96.141.149.162,63-(866)509-2021
7,Carol,Dunn,cdunn6@sitemeter.com,Female,167.160.84.72,62-(694)600-2568
8,Kenneth,Matthews,kmatthews7@technorati.com,Male,79.79.233.11,86-(362)926-6559
9,Harold,Tucker,htucker8@globo.com,Male,29.84.184.30,86-(810)704-2071
10,Carlos,Pierce,cpierce9@sourceforge.net,Male,237.2.34.33,380-(488)843-6429
11,Theresa,Garcia,tgarciaa@goo.ne.jp,Female,46.55.224.238,996-(699)515-5997
12,Lawrence,Snyder,lsnyderb@free.fr,Male,174.155.73.111,86-(379)959-0105
13,Louise,Ross,lrossc@sourceforge.net,Female,16.163.98.39,33-(231)421-4198
14,Jason,Perry,jperryd@yelp.com,Male,101.20.242.98,55-(539)555-8950
15,William,Nelson,wnelsone@mapy.cz,Male,15.194.109.195,55-(607)791-9327
16,Norma,Hamilton,nhamiltonf@vistaprint.com,Female,160.128.16.194,51-(205)401-1828
17,Tina,Martin,tmarting@ning.com,Female,95.185.242.26,31-(822)681-9875
18,Phyllis,Thomas,pthomash@yahoo.co.jp,Female,122.200.162.132,370-(762)401-1731
19,Gloria,Price,gpricei@example.com,Female,188.206.43.227,62-(314)422-3365
20,Janet,Pierce,jpiercej@ucsd.edu,Female,63.113.89.193,39-(521)530-6053
21,Patrick,Jordan,pjordank@symantec.com,Male,209.194.127.215,358-(875)507-1950
22,Justin,Harper,jharperl@wsj.com,Male,246.130.212.140,351-(950)545-7510
23,Maria,Castillo,mcastillom@devhub.com,Female,23.14.6.47,7-(671)315-3689
24,Ruby,Olson,rolsonn@google.com.hk,Female,90.72.92.61,7-(454)252-2509
25,Michelle,Wilson,mwilsono@shop-pro.jp,Female,48.47.160.113,86-(490)732-3410
26,Denise,Hayes,dhayesp@wordpress.com,Female,32.246.11.173,389-(521)146-6943
27,Gloria,Cox,gcoxq@tuttocitta.it,Female,63.237.224.195,63-(516)353-7770
28,Ruth,Taylor,rtaylorr@icio.us,Female,110.144.152.162,55-(249)214-9413
29,Walter,Welch,wwelchs@cdbaby.com,Male,200.186.110.157,44-(698)816-9022
30,Gary,Roberts,grobertst@netscape.com,Male,188.4.250.194,234-(661)669-2472
31,Albert,Henry,ahenryu@slideshare.net,Male,116.49.68.146,7-(940)508-7626
32,Betty,Lewis,blewisv@issuu.com,Female,248.237.129.208,1-(816)299-3112
33,Amanda,Mitchell,amitchellw@tiny.cc,Female,123.201.9.111,504-(151)921-7599
34,Catherine,Cunningham,ccunninghamx@hubpages.com,Female,92.123.92.24,374-(973)584-1517
35,Nicholas,Hawkins,nhawkinsy@google.de,Male,144.18.199.9,502-(284)581-4840
36,Douglas,Johnson,djohnsonz@prlog.org,Male,243.226.192.140,1-(823)893-0455
37,Heather,Alvarez,halvarez10@earthlink.net,Female,248.126.14.87,242-(905)131-3286
38,Charles,Ramirez,cramirez11@jalbum.net,Male,106.160.4.21,212-(519)947-8115
39,Adam,Gonzalez,agonzalez12@sciencedirect.com,Male,192.246.65.200,385-(209)483-2582
40,Cheryl,Rice,crice13@squidoo.com,Female,58.95.122.32,501-(117)959-5600
41,Deborah,Martin,dmartin14@godaddy.com,Female,3.219.94.196,370-(637)337-1863
42,Kathryn,Frazier,kfrazier15@blinklist.com,Female,109.45.186.81,62-(254)331-0417
43,Theresa,Pierce,tpierce16@diigo.com,Female,2.213.65.0,62-(149)888-8689
44,Julia,Gutierrez,jgutierrez17@last.fm,Female,250.253.168.163,359-(999)977-5410
45,Randy,Knight,rknight18@tinypic.com,Male,121.132.148.87,86-(470)741-2765
46,Bobby,Richardson,brichardson19@deliciousdays.com,Male,128.175.132.29,86-(776)388-3770
47,Janice,Morales,jmorales1a@samsung.com,Female,9.246.181.66,86-(562)614-1155
48,Johnny,Robinson,jrobinson1b@statcounter.com,Male,145.226.235.64,86-(957)161-6968
49,Beverly,Williamson,bwilliamson1c@nyu.edu,Female,100.35.62.54,86-(476)165-9575
50,Tina,Frazier,tfrazier1d@sphinn.com,Female,182.54.223.216,63-(866)909-7658
51,Michelle,Bailey,mbailey1e@scientificamerican.com,Female,77.217.216.221,86-(689)951-2182
52,Denise,Wallace,dwallace1f@uiuc.edu,Female,243.36.97.255,86-(492)995-6751
53,Sean,Kennedy,skennedy1g@usa.gov,Male,135.230.189.110,967-(649)786-9280
54,Stephen,Baker,sbaker1h@w3.org,Male,221.3.7.30,86-(325)635-9744
55,Anne,Ramirez,aramirez1i@usgs.gov,Female,254.166.1.198,7-(403)873-3763
56,Norma,Burton,nburton1j@china.com.cn,Female,221.196.30.232,850-(437)893-1828
57,Juan,Castillo,jcastillo1k@webs.com,Male,6.156.154.101,251-(258)969-2046
58,Anne,Mitchell,amitchell1l@wired.com,Female,135.235.32.176,358-(290)239-4705
59,Henry,Bryant,hbryant1m@sfgate.com,Male,172.149.202.73,7-(413)548-3219
60,Lisa,Lane,llane1n@macromedia.com,Female,207.217.120.31,63-(609)730-7623
61,Billy,Ferguson,bferguson1o@prlog.org,Male,64.21.92.178,86-(346)567-4048
62,Timothy,Wallace,twallace1p@is.gd,Male,38.36.27.240,62-(980)740-8466
63,Karen,Gilbert,kgilbert1q@squidoo.com,Female,218.198.91.201,62-(565)912-2024
64,Jimmy,Davis,jdavis1r@vk.com,Male,166.235.9.222,31-(746)951-2876
65,Angela,James,ajames1s@mayoclinic.com,Female,40.146.167.34,963-(163)100-2918
66,Gary,Sanchez,gsanchez1t@mail.ru,Male,70.237.174.57,63-(648)158-3540
67,Ralph,West,rwest1u@pbs.org,Male,179.137.212.129,92-(476)186-8525
68,Edward,Burton,eburton1v@myspace.com,Male,76.186.245.138,358-(308)590-0872
69,David,Hill,dhill1w@time.com,Male,83.72.72.76,63-(779)964-2674
70,Annie,Ross,aross1x@uol.com.br,Female,95.138.131.161,234-(811)962-0088
71,Frances,Jackson,fjackson1y@webnode.com,Female,163.245.151.145,84-(252)154-1525
72,Pamela,Day,pday1z@sogou.com,Female,82.0.235.60,351-(552)215-3720
73,Debra,Perez,dperez20@ameblo.jp,Female,170.4.102.243,351-(744)903-4923
74,Ruth,Harris,rharris21@boston.com,Female,37.196.202.121,86-(776)642-0258
75,Russell,Moore,rmoore22@oracle.com,Male,57.188.90.122,7-(544)130-3212
76,Christine,Washington,cwashington23@istockphoto.com,Female,212.133.170.6,33-(486)462-4365
77,Mildred,Harper,mharper24@ask.com,Female,21.244.82.47,62-(338)995-2565
78,Martha,Walker,mwalker25@sphinn.com,Female,115.146.237.43,55-(580)244-0855
79,Virginia,Harper,vharper26@squarespace.com,Female,207.52.10.228,218-(996)124-5660
80,Lisa,Chavez,lchavez27@blogger.com,Female,95.144.144.230,86-(368)999-6630
81,Ann,Duncan,aduncan28@nymag.com,Female,14.77.115.243,232-(854)925-8210
82,Marilyn,Garrett,mgarrett29@columbia.edu,Female,87.77.237.129,60-(926)812-3609
83,Jimmy,Martin,jmartin2a@topsy.com,Male,61.234.82.169,351-(497)581-1589
84,Pamela,Hall,phall2b@blogspot.com,Female,255.124.185.81,54-(431)281-1972
85,Sara,Foster,sfoster2c@sakura.ne.jp,Female,30.150.204.222,86-(961)789-1137
86,Ernest,Knight,eknight2d@spiegel.de,Male,123.130.150.195,48-(957)494-8181
87,Thomas,Ross,tross2e@tuttocitta.it,Male,162.96.107.157,242-(594)978-8200
88,Helen,Ford,hford2f@sbwire.com,Female,121.3.213.146,52-(968)595-9439
89,Andrea,Bishop,abishop2g@purevolume.com,Female,37.60.49.18,62-(844)578-7016
90,Catherine,Wells,cwells2h@imgur.com,Female,162.221.114.90,94-(472)668-9554
91,Tammy,Burns,tburns2i@delicious.com,Female,51.186.254.0,86-(991)575-0180
92,Donald,Palmer,dpalmer2j@facebook.com,Male,108.222.155.33,226-(224)263-0240
93,Gregory,Walker,gwalker2k@dailymail.co.uk,Male,134.62.120.248,62-(732)380-3879
94,Diana,Austin,daustin2l@cafepress.com,Female,72.72.96.51,504-(710)433-9523
95,Albert,Shaw,ashaw2m@w3.org,Male,61.227.127.10,63-(529)476-7878
96,Clarence,Gardner,cgardner2n@php.net,Male,3.222.49.70,63-(624)783-0818
97,Harold,Lane,hlane2o@sciencedaily.com,Male,50.89.24.146,962-(925)968-6117
98,Louise,Stone,lstone2p@nbcnews.com,Female,140.63.253.134,86-(638)675-7004
99,Henry,Jackson,hjackson2q@si.edu,Male,213.155.14.182,420-(791)377-2673
100,Doris,Thomas,dthomas2r@disqus.com,Female,32.30.12.125,52-(936)959-4409
101,Joshua,Crawford,jcrawford2s@mysql.com,Male,21.169.232.83,86-(167)330-4882
102,Irene,Davis,idavis2t@oakley.com,Female,166.228.249.171,57-(691)346-5267
103,Lois,Henry,lhenry2u@ucoz.ru,Female,79.2.179.110,86-(973)115-4725
104,Susan,Kelly,skelly2v@naver.com,Female,73.225.234.114,420-(465)167-0496
105,Jean,Alvarez,jalvarez2w@shinystat.com,Female,243.32.24.207,62-(514)640-7327
106,Jessica,Johnston,jjohnston2x@oakley.com,Female,132.27.19.214,1-(312)630-7274
107,Daniel,Garza,dgarza2y@ucla.edu,Male,102.29.233.56,51-(254)966-4253
108,Bruce,Murphy,bmurphy2z@wikimedia.org,Male,106.147.199.216,86-(833)598-5126
109,Barbara,Hicks,bhicks30@lulu.com,Female,180.150.224.180,420-(661)464-9865
110,Judith,Stephens,jstephens31@yellowpages.com,Female,225.127.245.235,86-(892)286-3345
111,Nancy,Austin,naustin32@shareasale.com,Female,1.239.186.11,86-(341)314-2464
112,Eugene,Arnold,earnold33@over-blog.com,Male,119.33.109.198,971-(978)295-3065
113,Ann,Harrison,aharrison34@unc.edu,Female,133.109.223.6,1-(432)440-2806
114,Evelyn,Wells,ewells35@comcast.net,Female,149.151.250.254,33-(581)737-4331
115,Amy,Miller,amiller36@state.tx.us,Female,128.128.186.78,994-(646)839-5752
116,Debra,Rodriguez,drodriguez37@mit.edu,Female,92.197.8.32,385-(219)410-0852
117,Patrick,Castillo,pcastillo38@booking.com,Male,49.32.197.219,351-(327)875-5934
118,Jennifer,Andrews,jandrews39@homestead.com,Female,242.56.185.80,420-(711)118-7548
119,Brian,Sims,bsims3a@nymag.com,Male,225.108.213.41,86-(426)761-4171
120,Jonathan,Barnes,jbarnes3b@delicious.com,Male,207.240.111.28,7-(572)518-1960
121,Cynthia,Myers,cmyers3c@technorati.com,Female,255.156.215.199,51-(931)598-1190
122,Jennifer,Fowler,jfowler3d@topsy.com,Female,61.197.251.170,63-(204)150-0735
123,Stephen,Hunter,shunter3e@wsj.com,Male,33.110.158.197,86-(581)622-2848
124,Benjamin,Washington,bwashington3f@fotki.com,Male,136.13.84.230,62-(893)477-0696
125,Larry,Sanchez,lsanchez3g@sun.com,Male,2.82.188.100,33-(914)517-9966
126,Kevin,Marshall,kmarshall3h@list-manage.com,Male,117.90.100.59,52-(799)629-8193
127,Donald,Nelson,dnelson3i@i2i.jp,Male,128.124.198.10,54-(697)126-3465
128,Shirley,Frazier,sfrazier3j@apache.org,Female,132.129.116.122,84-(665)563-9864
129,Jimmy,Bradley,jbradley3k@i2i.jp,Male,99.155.245.192,51-(383)887-7078
130,Nicole,Long,nlong3l@devhub.com,Female,154.129.49.69,55-(862)815-3955
131,Jack,Diaz,jdiaz3m@gov.uk,Male,75.134.155.207,86-(100)638-5039
132,Christine,Matthews,cmatthews3n@skype.com,Female,19.37.141.68,7-(993)991-6831
133,Johnny,Grant,jgrant3o@wikipedia.org,Male,161.77.173.158,30-(274)148-3915
134,Sandra,Dixon,sdixon3p@accuweather.com,Female,137.154.143.170,63-(123)893-7414
135,Frank,Henry,fhenry3q@cisco.com,Male,34.133.3.99,60-(603)753-2783
136,Howard,Carter,hcarter3r@google.es,Male,26.215.28.123,86-(504)362-7399
137,Theresa,Garza,tgarza3s@twitter.com,Female,122.87.249.96,92-(526)557-9723
138,Gerald,Jackson,gjackson3t@slashdot.org,Male,70.240.176.171,502-(375)859-7133
139,Craig,Henry,chenry3u@studiopress.com,Male,94.139.208.50,372-(834)936-5852
140,Scott,Murphy,smurphy3v@php.net,Male,33.128.210.230,234-(473)457-2663
141,Diana,Bennett,dbennett3w@yellowbook.com,Female,54.23.51.162,504-(543)825-2576
142,Lawrence,Green,lgreen3x@bbc.co.uk,Male,83.35.152.176,86-(155)931-8671
143,Doris,Cooper,dcooper3y@mtv.com,Female,169.109.149.40,30-(224)189-6343
144,Louis,Graham,lgraham3z@ox.ac.uk,Male,66.153.227.55,63-(881)307-9015
145,Joan,Murphy,jmurphy40@ed.gov,Female,214.176.171.120,54-(875)774-4436
146,Joan,Coleman,jcoleman41@cpanel.net,Female,184.187.2.8,509-(531)116-5643
147,Christina,Smith,csmith42@ucoz.com,Female,16.137.253.141,381-(800)411-4264
148,Aaron,Butler,abutler43@webs.com,Male,207.235.104.62,385-(673)475-8377
149,Melissa,Morales,mmorales44@timesonline.co.uk,Female,99.87.50.237,62-(194)551-4086
150,Stephen,Butler,sbutler45@bbc.co.uk,Male,116.140.115.111,504-(561)670-7912
151,Mildred,Stevens,mstevens46@devhub.com,Female,146.225.129.165,30-(768)142-0222
152,Janet,Gordon,jgordon47@slideshare.net,Female,31.103.238.193,57-(384)808-3545
153,Harold,Fernandez,hfernandez48@photobucket.com,Male,136.171.225.49,51-(854)222-4669
154,Johnny,Reynolds,jreynolds49@state.tx.us,Male,219.255.199.19,62-(414)630-7438
155,Norma,Palmer,npalmer4a@reuters.com,Female,232.189.49.152,33-(355)292-6495
156,Patrick,Kelly,pkelly4b@aboutads.info,Male,47.154.75.81,234-(865)420-8527
157,Maria,Diaz,mdiaz4c@admin.ch,Female,92.61.59.214,54-(139)489-7425
158,Thomas,Burns,tburns4d@wp.com,Male,151.218.82.129,86-(515)385-0330
159,Joseph,Grant,jgrant4e@miitbeian.gov.cn,Male,11.101.195.94,63-(420)583-6769
160,Kenneth,Schmidt,kschmidt4f@latimes.com,Male,124.84.32.143,57-(456)856-1751
161,Paula,Owens,powens4g@oracle.com,Female,32.94.161.91,62-(994)945-9541
162,Sean,Reed,sreed4h@hexun.com,Male,223.244.116.28,220-(186)776-0475
163,Stephanie,Nguyen,snguyen4i@mozilla.com,Female,224.119.105.206,86-(914)427-2907
164,Craig,Fowler,cfowler4j@craigslist.org,Male,114.123.180.239,223-(487)302-8494
165,William,Cooper,wcooper4k@hao123.com,Male,83.115.203.149,357-(529)161-4537
166,Brandon,Williams,bwilliams4l@berkeley.edu,Male,129.0.178.87,30-(848)581-1400
167,Albert,Fisher,afisher4m@fc2.com,Male,224.232.220.82,86-(725)985-8604
168,Johnny,Adams,jadams4n@dot.gov,Male,179.166.61.19,55-(192)103-1744
169,Billy,Boyd,bboyd4o@liveinternet.ru,Male,60.105.85.151,86-(593)529-1822
170,Philip,Daniels,pdaniels4p@twitpic.com,Male,18.215.227.126,62-(736)821-8423
171,Anthony,Fields,afields4q@howstuffworks.com,Male,1.67.102.83,53-(564)423-4159
172,Jennifer,Garza,jgarza4r@oaic.gov.au,Female,78.106.49.222,86-(244)613-9907
173,Ralph,Ford,rford4s@reuters.com,Male,143.87.163.243,51-(403)541-6508
174,Jean,Johnson,jjohnson4t@youtu.be,Female,45.50.104.101,86-(385)171-3861
175,Annie,Pierce,apierce4u@ca.gov,Female,193.74.107.243,63-(430)524-7294
176,Karen,Wilson,kwilson4v@sina.com.cn,Female,165.186.3.141,1-(425)935-5658
177,Patrick,Smith,psmith4w@princeton.edu,Male,214.232.198.86,86-(931)267-4198
178,Willie,Morgan,wmorgan4x@bizjournals.com,Male,208.221.91.239,86-(630)250-8722
179,Heather,Murray,hmurray4y@ihg.com,Female,221.107.3.54,850-(530)735-7532
180,Shirley,Scott,sscott4z@unc.edu,Female,203.9.72.94,54-(697)878-9108
181,Joan,Green,jgreen50@newsvine.com,Female,136.220.191.141,359-(919)932-5370
182,Roger,Hughes,rhughes51@nhs.uk,Male,18.204.198.53,373-(720)315-6760
183,Catherine,Cole,ccole52@flickr.com,Female,63.155.94.61,7-(227)325-4454
184,Judith,Snyder,jsnyder53@storify.com,Female,140.56.226.18,359-(338)489-0065
185,Larry,Hunt,lhunt54@wordpress.com,Male,190.29.233.59,380-(305)392-8499
186,Jason,Lawson,jlawson55@gnu.org,Male,204.228.131.200,7-(554)257-5963
187,Ruby,Kelley,rkelley56@simplemachines.org,Female,244.62.134.165,970-(125)422-6641
188,Scott,Cook,scook57@yale.edu,Male,107.189.122.202,251-(790)211-5863
189,Roger,Simmons,rsimmons58@drupal.org,Male,42.102.89.123,7-(539)949-9745
190,Mary,Rose,mrose59@hatena.ne.jp,Female,113.206.14.207,86-(119)439-3752
191,Carolyn,Dixon,cdixon5a@csmonitor.com,Female,19.199.177.189,386-(962)616-2540
192,Bonnie,Garcia,bgarcia5b@usatoday.com,Female,81.201.150.162,351-(260)485-3286
193,Jason,Andrews,jandrews5c@spotify.com,Male,121.209.96.25,86-(168)711-8008
194,Chris,Chapman,cchapman5d@army.mil,Male,51.182.2.202,86-(674)942-5514
195,Douglas,Hicks,dhicks5e@sciencedaily.com,Male,182.216.95.155,86-(850)241-2228
196,Keith,Olson,kolson5f@ebay.com,Male,212.63.89.76,1-(202)787-1588
197,Bruce,Richards,brichards5g@example.com,Male,128.249.53.12,62-(961)642-7738
198,Patricia,Cox,pcox5h@t-online.de,Female,42.202.58.56,351-(928)172-0695
199,Matthew,Thomas,mthomas5i@so-net.ne.jp,Male,88.74.24.39,84-(584)581-6187
200,Earl,Young,eyoung5j@behance.net,Male,14.194.231.138,1-(253)857-7613
201,Patricia,Rose,prose5k@so-net.ne.jp,Female,234.18.255.92,81-(542)540-1394
202,Timothy,Day,tday5l@yellowpages.com,Male,132.167.98.137,1-(843)449-8280
203,Doris,Cook,dcook5m@weibo.com,Female,189.47.17.27,856-(147)320-7301
204,Johnny,Riley,jriley5n@google.co.jp,Male,145.77.98.228,55-(168)694-5018
205,Howard,Kim,hkim5o@smugmug.com,Male,246.49.79.174,1-(702)104-6454
206,Gregory,Andrews,gandrews5p@narod.ru,Male,56.183.147.86,374-(237)674-8184
207,Juan,Morgan,jmorgan5q@skype.com,Male,188.136.169.51,93-(187)146-1322
208,William,Fernandez,wfernandez5r@pen.io,Male,197.223.187.200,33-(138)991-7954
209,Keith,Martinez,kmartinez5s@ycombinator.com,Male,57.46.235.33,33-(596)940-5438
210,Gloria,Sullivan,gsullivan5t@webmd.com,Female,28.76.36.150,31-(820)174-0430
211,Mark,Garcia,mgarcia5u@businessweek.com,Male,59.204.112.6,86-(487)940-4724
212,Cynthia,Hill,chill5v@odnoklassniki.ru,Female,37.157.109.201,86-(158)987-5060
213,Carolyn,Reyes,creyes5w@timesonline.co.uk,Female,16.182.123.24,261-(529)992-1467
214,Beverly,Bradley,bbradley5x@illinois.edu,Female,165.233.100.30,63-(713)502-1151
215,Christopher,Fisher,cfisher5y@unicef.org,Male,238.123.228.137,591-(415)131-5435
216,Ernest,Price,eprice5z@dyndns.org,Male,175.202.245.64,52-(415)674-7992
217,Diana,Johnson,djohnson60@epa.gov,Female,136.28.204.148,46-(436)329-4531
218,Lawrence,Robinson,lrobinson61@discovery.com,Male,155.244.11.87,351-(920)361-4894
219,Victor,Boyd,vboyd62@tinypic.com,Male,176.24.174.150,20-(335)588-3996
220,Ann,Williamson,awilliamson63@yahoo.com,Female,104.204.26.90,81-(761)113-0383
221,Brandon,Carr,bcarr64@nps.gov,Male,161.29.51.30,62-(565)309-0000
222,Kimberly,Simmons,ksimmons65@cnn.com,Female,125.14.47.46,86-(341)160-2314
223,Earl,Harper,eharper66@t-online.de,Male,238.216.122.227,82-(836)277-4310
224,Nancy,Harper,nharper67@ed.gov,Female,197.218.49.250,880-(479)781-4878
225,Marilyn,Cooper,mcooper68@fc2.com,Female,129.172.140.37,268-(482)943-1536
226,Jason,Bryant,jbryant69@myspace.com,Male,23.246.179.41,7-(334)377-2344
227,Anne,Armstrong,aarmstrong6a@wp.com,Female,2.242.48.89,86-(938)319-9813
228,Martha,Jacobs,mjacobs6b@netscape.com,Female,122.193.171.59,62-(397)292-2940
229,Chris,Johnson,cjohnson6c@360.cn,Male,152.112.255.53,46-(588)497-8173
230,Patrick,Castillo,pcastillo6d@feedburner.com,Male,125.36.131.133,86-(651)149-9474
231,Julia,Allen,jallen6e@nymag.com,Female,191.200.163.168,86-(420)328-1230
232,Teresa,Berry,tberry6f@cpanel.net,Female,180.154.78.42,86-(592)699-0803
233,Jean,Graham,jgraham6g@addthis.com,Female,135.157.165.203,234-(378)223-6420
234,Jessica,Hughes,jhughes6h@canalblog.com,Female,65.144.79.197,7-(346)457-0580
235,Sarah,Burke,sburke6i@geocities.jp,Female,179.76.111.201,86-(138)120-4802
236,Eugene,Hernandez,ehernandez6j@pagesperso-orange.fr,Male,27.0.193.142,86-(261)786-7883
237,Frank,Gonzales,fgonzales6k@biglobe.ne.jp,Male,93.238.237.234,92-(594)891-9235
238,Rachel,Woods,rwoods6l@cdc.gov,Female,72.114.128.148,375-(675)739-7538
239,Dorothy,Lopez,dlopez6m@jigsy.com,Female,207.242.42.221,93-(593)976-1110
240,Irene,Medina,imedina6n@nbcnews.com,Female,193.247.150.41,353-(546)233-9045
241,Steven,Weaver,sweaver6o@parallels.com,Male,164.148.202.82,81-(609)343-3846
242,Deborah,Ruiz,druiz6p@theguardian.com,Female,95.161.224.244,351-(284)174-3698
243,Susan,Stone,sstone6q@bloglovin.com,Female,188.133.39.248,255-(492)241-2047
244,Phillip,Edwards,pedwards6r@cloudflare.com,Male,225.20.233.15,86-(771)476-8981
245,Anthony,Rice,arice6s@whitehouse.gov,Male,234.27.17.125,420-(760)671-0286
246,Anna,Sullivan,asullivan6t@hao123.com,Female,78.217.140.74,57-(843)449-8986
247,Doris,Watson,dwatson6u@flavors.me,Female,129.44.229.30,1-(841)315-3950
248,Emily,Frazier,efrazier6v@imageshack.us,Female,188.39.82.155,62-(238)984-4960
249,Philip,Stevens,pstevens6w@tiny.cc,Male,66.104.13.254,507-(116)900-6618
250,Sarah,Matthews,smatthews6x@istockphoto.com,Female,228.138.54.199,63-(566)327-3991
251,Phyllis,Garcia,pgarcia6y@sourceforge.net,Female,234.60.44.4,86-(378)602-2954
252,Sean,Garcia,sgarcia6z@uol.com.br,Male,171.199.101.244,30-(386)383-1760
253,Carolyn,Porter,cporter70@e-recht24.de,Female,196.211.220.112,86-(684)473-4814
254,Craig,Thomas,cthomas71@nature.com,Male,208.204.109.16,86-(638)830-0006
255,Edward,Welch,ewelch72@kickstarter.com,Male,3.107.248.223,62-(854)679-3675
256,Kimberly,West,kwest73@scribd.com,Female,73.196.12.81,33-(473)678-1359
257,Ruby,Burns,rburns74@yelp.com,Female,113.204.224.78,81-(518)678-0040
258,Mark,Collins,mcollins75@homestead.com,Male,164.145.169.31,86-(383)633-5647
259,Keith,Andrews,kandrews76@naver.com,Male,178.69.31.6,62-(940)927-6656
260,Alan,Rivera,arivera77@pcworld.com,Male,140.245.240.26,86-(803)343-2523
261,Catherine,Martinez,cmartinez78@blog.com,Female,52.191.96.19,998-(530)773-6046
262,Nicholas,Matthews,nmatthews79@admin.ch,Male,8.76.46.37,358-(525)745-4379
263,John,Castillo,jcastillo7a@hibu.com,Male,237.173.30.136,86-(287)910-6209
264,Nicholas,Parker,nparker7b@mapy.cz,Male,118.61.72.188,57-(162)183-3326
265,Beverly,Daniels,bdaniels7c@dailymotion.com,Female,237.130.148.97,351-(485)826-4082
266,Deborah,Stewart,dstewart7d@umn.edu,Female,128.42.27.116,355-(882)420-7127
267,Larry,Evans,levans7e@cpanel.net,Male,91.164.219.251,86-(170)936-2844
268,Kimberly,Scott,kscott7f@dailymotion.com,Female,111.78.29.166,963-(815)470-6359
269,Jonathan,Brown,jbrown7g@about.me,Male,64.239.203.46,33-(912)632-0960
270,Ruby,Jordan,rjordan7h@bloglines.com,Female,226.169.182.138,359-(431)243-6222
271,Nicole,Ray,nray7i@ed.gov,Female,87.172.251.9,507-(696)118-8221
272,Russell,Ryan,rryan7j@latimes.com,Male,238.44.102.142,1-(414)749-1193
273,Walter,Little,wlittle7k@baidu.com,Male,123.149.39.23,880-(745)289-1956
274,Robert,Cruz,rcruz7l@istockphoto.com,Male,78.84.5.207,352-(908)358-7891
275,Kathryn,Vasquez,kvasquez7m@ezinearticles.com,Female,12.49.145.129,86-(943)156-8707
276,Denise,Edwards,dedwards7n@noaa.gov,Female,47.203.152.204,52-(667)793-5613
277,Susan,Dean,sdean7o@vimeo.com,Female,24.205.124.137,86-(289)638-5831
278,Norma,Holmes,nholmes7p@behance.net,Female,176.177.236.153,48-(578)672-5067
279,Judith,Howell,jhowell7q@house.gov,Female,224.229.45.186,387-(624)455-1031
280,Carol,Myers,cmyers7r@japanpost.jp,Female,168.100.247.193,258-(495)985-9265
281,Sandra,Owens,sowens7s@redcross.org,Female,207.135.229.170,507-(612)728-7804
282,Deborah,Hudson,dhudson7t@barnesandnoble.com,Female,157.193.53.154,46-(336)654-5638
283,Jose,Bailey,jbailey7u@xing.com,Male,180.144.240.95,52-(396)716-2528
284,Irene,White,iwhite7v@dyndns.org,Female,119.72.230.0,66-(909)178-8864
285,Craig,Washington,cwashington7w@instagram.com,Male,96.234.157.31,86-(310)313-5843
286,Amanda,Mccoy,amccoy7x@desdev.cn,Female,11.7.191.18,86-(831)263-9835
287,Patrick,Boyd,pboyd7y@amazonaws.com,Male,248.141.195.32,55-(643)980-6839
288,Marilyn,Burton,mburton7z@ocn.ne.jp,Female,112.86.98.163,62-(636)591-9935
289,Carol,Henry,chenry80@senate.gov,Female,51.252.201.123,993-(298)657-0043
290,Terry,Nelson,tnelson81@bluehost.com,Male,132.109.93.221,86-(335)326-3453
291,Gary,Burke,gburke82@phoca.cz,Male,162.95.80.46,86-(729)661-9302
292,Joan,Murphy,jmurphy83@comcast.net,Female,177.110.236.52,81-(147)564-1971
293,Barbara,Day,bday84@nifty.com,Female,156.32.80.3,63-(539)889-2193
294,Rachel,Nguyen,rnguyen85@domainmarket.com,Female,109.7.94.171,86-(854)360-4981
295,Kimberly,Cook,kcook86@tumblr.com,Female,220.29.170.140,86-(386)667-4676
296,Edward,Wheeler,ewheeler87@wunderground.com,Male,229.3.248.28,81-(830)772-1532
297,Tammy,Henderson,thenderson88@so-net.ne.jp,Female,13.134.87.185,680-(154)100-8026
298,Mary,Armstrong,marmstrong89@sphinn.com,Female,152.82.226.3,62-(936)731-4182
299,Todd,Johnston,tjohnston8a@cornell.edu,Male,51.176.108.96,963-(114)629-5919
300,Marilyn,Rodriguez,mrodriguez8b@123-reg.co.uk,Female,99.159.178.52,371-(477)914-8992
301,Lawrence,Palmer,lpalmer8c@guardian.co.uk,Male,193.20.251.23,86-(828)497-5720
302,Harry,Collins,hcollins8d@dyndns.org,Male,13.226.77.157,60-(954)593-3062
303,Nicole,Reynolds,nreynolds8e@elpais.com,Female,35.105.235.179,994-(359)235-5082
304,Rachel,Perry,rperry8f@people.com.cn,Female,16.141.49.164,33-(711)221-7961
305,Ernest,Reyes,ereyes8g@alexa.com,Male,84.171.138.38,86-(305)153-4442
306,Sean,Mitchell,smitchell8h@hhs.gov,Male,40.250.7.241,249-(761)218-5165
307,Thomas,Hayes,thayes8i@ed.gov,Male,216.119.229.108,261-(372)908-3901
308,Adam,Boyd,aboyd8j@ifeng.com,Male,253.206.208.97,86-(731)769-1043
309,Heather,Diaz,hdiaz8k@mayoclinic.com,Female,20.15.2.35,48-(433)174-4667
310,Joe,Clark,jclark8l@bing.com,Male,148.113.6.60,86-(879)800-6959
311,Mildred,Warren,mwarren8m@github.com,Female,0.136.227.7,55-(327)157-9371
312,Teresa,Wood,twood8n@biblegateway.com,Female,200.95.116.21,62-(937)885-6462
313,Eugene,Sanders,esanders8o@salon.com,Male,138.11.126.147,52-(559)555-7965
314,Shawn,Jones,sjones8p@wikispaces.com,Male,226.206.133.253,62-(621)981-9345
315,Sarah,Wheeler,swheeler8q@indiegogo.com,Female,244.250.18.124,57-(719)618-9725
316,Lawrence,Grant,lgrant8r@technorati.com,Male,253.37.78.150,505-(520)521-7384
317,Roy,Lee,rlee8s@google.cn,Male,207.94.120.18,351-(578)616-1366
318,Roy,Morales,rmorales8t@upenn.edu,Male,53.26.109.80,86-(445)957-8870
319,Elizabeth,Holmes,eholmes8u@reference.com,Female,252.54.191.78,27-(863)719-2383
320,John,Cruz,jcruz8v@blogger.com,Male,26.115.70.39,63-(147)498-8287
321,Elizabeth,Tucker,etucker8w@bizjournals.com,Female,89.72.26.70,55-(561)817-8603
322,David,Wood,dwood8x@nature.com,Male,238.229.226.153,351-(309)695-1097
323,Pamela,Payne,ppayne8y@hao123.com,Female,29.224.168.199,55-(747)993-3033
324,Ernest,Garza,egarza8z@ow.ly,Male,50.251.67.142,66-(109)738-9452
325,James,Wells,jwells90@jiathis.com,Male,27.17.88.183,62-(412)603-8738
326,Teresa,King,tking91@indiegogo.com,Female,243.45.244.161,216-(313)369-6677
327,Richard,Martin,rmartin92@sakura.ne.jp,Male,14.86.28.228,63-(564)264-8799
328,Doris,Duncan,dduncan93@tuttocitta.it,Female,29.35.13.196,351-(937)986-2522
329,Peter,Russell,prussell94@canalblog.com,Male,43.166.233.136,55-(175)838-8140
330,Harold,Lynch,hlynch95@cargocollective.com,Male,28.118.99.206,595-(733)707-0493
331,Bruce,Day,bday96@marketwatch.com,Male,67.89.182.204,48-(740)544-3589
332,Christine,Fisher,cfisher97@tinypic.com,Female,9.247.62.167,420-(511)120-4550
333,Chris,Moore,cmoore98@nasa.gov,Male,42.237.152.134,374-(811)908-2380
334,Craig,Campbell,ccampbell99@ask.com,Male,202.86.223.77,53-(781)645-0596
335,Michael,Wagner,mwagner9a@devhub.com,Male,36.159.74.40,33-(546)720-1458
336,Scott,Wood,swood9b@ucoz.ru,Male,194.20.91.33,63-(582)280-7293
337,Joyce,Powell,jpowell9c@g.co,Female,156.216.102.108,62-(375)947-3223
338,Margaret,Stone,mstone9d@cbslocal.com,Female,223.60.35.14,86-(981)673-1282
339,Craig,Griffin,cgriffin9e@a8.net,Male,86.65.108.226,370-(777)885-9761
340,Bobby,Wagner,bwagner9f@ucla.edu,Male,175.222.210.37,7-(478)547-7562
341,Cynthia,Bennett,cbennett9g@plala.or.jp,Female,59.223.234.247,62-(305)446-4744
342,Margaret,Dunn,mdunn9h@acquirethisname.com,Female,206.226.195.34,63-(246)772-1972
343,Walter,Sims,wsims9i@nba.com,Male,45.86.193.0,880-(888)518-6493
344,Justin,Nguyen,jnguyen9j@cbc.ca,Male,132.110.86.197,7-(257)642-3376
345,Pamela,Mccoy,pmccoy9k@twitter.com,Female,161.7.136.82,48-(234)576-1046
346,Frances,Garza,fgarza9l@dell.com,Female,55.149.153.178,86-(460)754-5527
347,Dorothy,Duncan,dduncan9m@psu.edu,Female,87.65.88.144,82-(202)385-2040
348,Mark,Gonzalez,mgonzalez9n@ox.ac.uk,Male,22.55.78.156,46-(498)853-7843
349,Michael,Harper,mharper9o@dailymail.co.uk,Male,72.173.62.88,373-(381)958-6339
350,Tammy,Graham,tgraham9p@sun.com,Female,52.201.115.71,976-(732)998-3818
351,Dennis,Parker,dparker9q@uiuc.edu,Male,174.90.88.154,34-(740)411-2148
352,Russell,Reynolds,rreynolds9r@fotki.com,Male,49.166.55.38,7-(178)215-6719
353,Carolyn,Cole,ccole9s@china.com.cn,Female,169.146.233.116,81-(825)525-1995
354,Gregory,Shaw,gshaw9t@mac.com,Male,224.97.147.149,86-(798)725-8300
355,Fred,Stevens,fstevens9u@com.com,Male,154.64.142.98,81-(327)711-3174
356,Alan,Hamilton,ahamilton9v@bluehost.com,Male,25.73.164.199,86-(545)107-3434
357,Emily,Williamson,ewilliamson9w@spotify.com,Female,162.157.138.94,62-(928)928-6747
358,Jason,Mcdonald,jmcdonald9x@amazon.de,Male,56.97.177.230,62-(333)552-7776
359,Matthew,Carter,mcarter9y@dmoz.org,Male,255.219.66.65,420-(199)478-7629
360,Stephanie,Ellis,sellis9z@clickbank.net,Female,138.34.152.173,54-(983)926-2397
361,Julia,Barnes,jbarnesa0@drupal.org,Female,108.113.115.237,48-(523)913-4874
362,Matthew,Warren,mwarrena1@pagesperso-orange.fr,Male,58.240.80.140,1-(210)973-5893
363,Diane,Frazier,dfraziera2@flavors.me,Female,35.3.111.247,48-(230)466-2696
364,Roger,Palmer,rpalmera3@economist.com,Male,79.246.172.110,351-(170)963-7823
365,Katherine,Hunt,khunta4@google.it,Female,14.251.72.239,86-(948)259-3569
366,Theresa,Campbell,tcampbella5@reddit.com,Female,248.214.102.184,81-(920)853-4516
367,Julie,Mitchell,jmitchella6@answers.com,Female,31.166.183.30,62-(904)842-4970
368,Jimmy,Peters,jpetersa7@cafepress.com,Male,67.11.25.79,62-(644)877-2132
369,Sarah,Coleman,scolemana8@sciencedirect.com,Female,140.175.175.48,7-(682)465-7197
370,Diane,Banks,dbanksa9@tripod.com,Female,186.66.148.64,62-(701)370-6752
371,Craig,Ryan,cryanaa@npr.org,Male,26.53.99.84,55-(421)490-4103
372,Johnny,Sanders,jsandersab@ebay.co.uk,Male,56.139.91.147,420-(789)808-0582
373,Tammy,Young,tyoungac@wordpress.com,Female,36.111.105.2,963-(709)601-3730
374,Cynthia,Roberts,crobertsad@360.cn,Female,82.216.58.0,58-(490)788-8775
375,Alan,Fox,afoxae@sciencedirect.com,Male,60.20.227.137,351-(874)132-1052
376,Ruby,Hayes,rhayesaf@deliciousdays.com,Female,89.155.79.129,33-(138)858-8106
377,Shawn,Ramos,sramosag@sourceforge.net,Male,89.239.167.82,254-(428)506-4945
378,Marie,Vasquez,mvasquezah@surveymonkey.com,Female,64.207.203.30,54-(953)507-9986
379,Mary,Cole,mcoleai@squarespace.com,Female,188.87.115.21,237-(857)210-6193
380,Joshua,Hill,jhillaj@opera.com,Male,42.201.6.178,86-(226)491-8219
381,Emily,Wilson,ewilsonak@sciencedirect.com,Female,202.127.213.111,66-(626)973-4833
382,Janet,Moore,jmooreal@cnet.com,Female,215.28.174.240,598-(627)712-1745
383,David,Young,dyoungam@earthlink.net,Male,9.115.139.251,970-(658)985-9080
384,Craig,Bradley,cbradleyan@nasa.gov,Male,100.149.224.40,1-(929)355-2480
385,Albert,Brown,abrownao@shop-pro.jp,Male,167.15.87.169,7-(359)217-8431
386,Adam,Burton,aburtonap@cbslocal.com,Male,127.26.239.50,63-(985)418-9114
387,Joseph,Sanders,jsandersaq@ihg.com,Male,46.78.207.84,20-(921)914-8574
388,Michael,Richardson,mrichardsonar@constantcontact.com,Male,125.137.172.250,1-(570)262-9646
389,Rachel,Stephens,rstephensas@google.com.au,Female,212.202.95.150,972-(629)340-3557
390,Michelle,Austin,maustinat@wikispaces.com,Female,241.193.229.182,1-(986)259-2296
391,Diana,Hunter,dhunterau@rakuten.co.jp,Female,245.92.133.230,7-(126)528-4284
392,Harold,Stone,hstoneav@yahoo.co.jp,Male,171.206.148.234,86-(818)460-8879
393,Pamela,Hall,phallaw@sitemeter.com,Female,200.48.152.7,86-(981)873-9788
394,Arthur,Walker,awalkerax@youtu.be,Male,197.24.19.206,86-(775)314-0965
395,Michelle,Gilbert,mgilbertay@joomla.org,Female,223.252.177.214,359-(409)743-5379
396,Doris,Jenkins,djenkinsaz@unc.edu,Female,44.17.35.134,355-(926)539-2606
397,Peter,Armstrong,parmstrongb0@oakley.com,Male,139.160.226.52,46-(203)332-2134
398,Fred,Lewis,flewisb1@fotki.com,Male,42.203.186.53,33-(571)109-3878
399,Sean,Boyd,sboydb2@behance.net,Male,159.229.3.172,994-(967)108-6280
400,Carlos,Hayes,chayesb3@live.com,Male,14.5.102.7,212-(333)374-1938
401,Andrea,Jordan,ajordanb4@wikia.com,Female,198.151.125.198,509-(323)378-9935
402,Richard,Boyd,rboydb5@hc360.com,Male,106.79.128.91,353-(240)639-5364
403,Betty,Larson,blarsonb6@nasa.gov,Female,30.202.216.98,351-(960)101-2776
404,Anthony,Warren,awarrenb7@storify.com,Male,227.204.9.151,86-(408)218-9197
405,Douglas,Wood,dwoodb8@unicef.org,Male,5.103.103.6,505-(926)324-7085
406,Katherine,Stone,kstoneb9@hc360.com,Female,203.113.94.169,86-(298)982-3332
407,Nicholas,Ramirez,nramirezba@mozilla.org,Male,146.63.171.39,7-(382)333-2500
408,Louise,Hudson,lhudsonbb@amazon.co.jp,Female,30.224.136.13,994-(420)684-2848
409,Dorothy,Clark,dclarkbc@w3.org,Female,201.110.33.153,55-(166)460-4615
410,Elizabeth,Peters,epetersbd@mashable.com,Female,22.133.189.175,351-(471)340-1744
411,Albert,Allen,aallenbe@who.int,Male,169.145.56.40,86-(641)889-2809
412,Aaron,Ward,awardbf@parallels.com,Male,128.39.128.79,52-(183)577-5136
413,Mark,Stephens,mstephensbg@cnet.com,Male,59.249.178.188,420-(223)822-9408
414,Sarah,Gonzalez,sgonzalezbh@domainmarket.com,Female,5.36.188.97,351-(880)591-9661
415,Ashley,Howell,ahowellbi@mysql.com,Female,172.19.138.199,84-(244)302-6838
416,Bobby,White,bwhitebj@godaddy.com,Male,47.166.146.174,86-(424)169-9310
417,Margaret,Alvarez,malvarezbk@ifeng.com,Female,223.109.226.170,48-(569)131-5838
418,Brian,Hunt,bhuntbl@tmall.com,Male,124.109.213.233,86-(617)161-2569
419,Nancy,Henderson,nhendersonbm@dailymail.co.uk,Female,104.3.60.17,7-(954)724-9740
420,Margaret,Snyder,msnyderbn@bloglovin.com,Female,183.27.49.25,967-(672)867-1123
421,Jason,Gutierrez,jgutierrezbo@meetup.com,Male,237.104.66.25,62-(716)329-0246
422,Henry,Mitchell,hmitchellbp@reuters.com,Male,116.123.64.99,86-(264)881-9653
423,Jason,Perry,jperrybq@domainmarket.com,Male,48.240.150.49,63-(466)910-7757
424,Kathleen,Carter,kcarterbr@wired.com,Female,152.5.180.37,359-(317)918-7270
425,Alan,Gilbert,agilbertbs@rediff.com,Male,240.34.44.206,86-(922)640-5743
426,Catherine,Hall,challbt@sciencedaily.com,Female,227.157.249.158,81-(472)855-9868
427,Randy,Austin,raustinbu@e-recht24.de,Male,140.31.62.39,62-(834)868-5963
428,Anne,Myers,amyersbv@blog.com,Female,131.196.4.30,7-(662)423-1405
429,Lois,Ramirez,lramirezbw@aboutads.info,Female,57.215.183.94,86-(925)454-3231
430,Elizabeth,Wood,ewoodbx@elegantthemes.com,Female,186.67.22.19,351-(128)383-1963
431,Pamela,Gordon,pgordonby@imageshack.us,Female,155.125.122.155,86-(173)670-8086
432,Henry,Wood,hwoodbz@noaa.gov,Male,220.233.242.206,48-(706)514-0083
433,Eugene,Barnes,ebarnesc0@examiner.com,Male,23.213.46.209,86-(361)693-0880
434,Eric,Ortiz,eortizc1@businessinsider.com,Male,62.168.37.15,359-(137)786-7414
435,Ralph,Stanley,rstanleyc2@usa.gov,Male,170.111.234.62,372-(618)975-4134
436,Frank,Young,fyoungc3@t.co,Male,55.172.90.73,81-(591)722-8947
437,Robin,Burns,rburnsc4@census.gov,Female,240.18.249.107,30-(839)876-9987
438,Peter,Miller,pmillerc5@un.org,Male,78.34.231.217,242-(417)422-0023
439,Peter,Coleman,pcolemanc6@sbwire.com,Male,4.104.7.220,62-(493)598-8905
440,Julia,Washington,jwashingtonc7@diigo.com,Female,124.109.191.45,62-(348)250-6766
441,Ruby,Gilbert,rgilbertc8@angelfire.com,Female,200.243.161.73,62-(789)727-1779
442,Sean,Shaw,sshawc9@linkedin.com,Male,129.79.174.254,31-(431)567-1941
443,Amanda,Richards,arichardsca@trellian.com,Female,8.174.111.169,94-(712)919-0979
444,Lisa,Boyd,lboydcb@cnn.com,Female,126.117.123.25,48-(223)548-5160
445,Jacqueline,Riley,jrileycc@slideshare.net,Female,121.240.184.87,86-(827)743-7801
446,Walter,Reynolds,wreynoldscd@nbcnews.com,Male,247.101.241.125,1-(732)924-1410
447,Gregory,Daniels,gdanielsce@nymag.com,Male,150.208.175.112,81-(138)201-0532
448,Martin,Mitchell,mmitchellcf@dailymotion.com,Male,113.228.29.75,33-(532)621-1604
449,Wanda,Lopez,wlopezcg@geocities.jp,Female,124.158.19.4,7-(994)198-5448
450,Ernest,Turner,eturnerch@unc.edu,Male,91.219.18.196,62-(564)641-7671
451,Albert,Gibson,agibsonci@spotify.com,Male,37.129.125.101,55-(361)832-5609
452,Donna,Anderson,dandersoncj@clickbank.net,Female,92.73.97.240,976-(593)709-6833
453,Ralph,Patterson,rpattersonck@amazon.com,Male,255.26.92.234,7-(108)829-7836
454,Keith,Bennett,kbennettcl@elpais.com,Male,255.233.224.166,976-(324)559-8610
455,Frances,Lawrence,flawrencecm@eventbrite.com,Female,143.245.179.56,212-(941)463-2146
456,Philip,Sanders,psanderscn@yellowbook.com,Male,102.182.244.27,7-(300)711-8267
457,Timothy,Welch,twelchco@cocolog-nifty.com,Male,156.10.109.116,358-(771)969-0018
458,Joe,Collins,jcollinscp@yahoo.com,Male,98.233.227.112,1-(330)783-4960
459,Eugene,Olson,eolsoncq@goo.gl,Male,32.186.150.218,46-(367)571-9700
460,Christopher,Allen,callencr@livejournal.com,Male,165.165.165.41,27-(258)159-2663
461,Stephanie,Boyd,sboydcs@whitehouse.gov,Female,247.77.145.189,86-(552)877-1411
462,Marie,Phillips,mphillipsct@jimdo.com,Female,42.41.242.12,86-(657)554-1711
463,Ruby,Fernandez,rfernandezcu@go.com,Female,50.5.1.90,57-(981)740-5224
464,Debra,Hall,dhallcv@nbcnews.com,Female,154.166.146.196,46-(410)537-9850
465,Marilyn,Jackson,mjacksoncw@behance.net,Female,149.177.174.103,86-(800)477-7475
466,Sharon,Woods,swoodscx@fc2.com,Female,245.44.0.210,351-(706)434-2156
467,Emily,Morales,emoralescy@latimes.com,Female,95.206.121.231,380-(510)142-5397
468,Harry,Reyes,hreyescz@tuttocitta.it,Male,20.127.137.73,680-(876)596-8609
469,Sharon,Porter,sporterd0@marketwatch.com,Female,254.186.240.96,1-(763)485-4625
470,Frances,Warren,fwarrend1@sbwire.com,Female,58.140.33.254,33-(532)534-6366
471,Mark,Smith,msmithd2@deliciousdays.com,Male,103.25.53.110,359-(609)113-2911
472,Tammy,Sullivan,tsullivand3@ucoz.com,Female,99.61.157.230,62-(679)494-7769
473,Marilyn,Brown,mbrownd4@mail.ru,Female,168.33.211.97,86-(813)260-2145
474,Antonio,Adams,aadamsd5@oracle.com,Male,108.156.72.181,86-(635)196-1455
475,David,Moreno,dmorenod6@ted.com,Male,233.6.2.81,995-(530)491-2025
476,Arthur,George,ageorged7@nationalgeographic.com,Male,104.141.99.91,82-(754)554-5433
477,David,Hayes,dhayesd8@ovh.net,Male,167.134.118.254,7-(658)513-3878
478,Kathy,Russell,krusselld9@squidoo.com,Female,50.26.232.69,86-(719)356-3210
479,Jack,Jordan,jjordanda@yelp.com,Male,221.216.240.121,7-(176)309-1805
480,Frances,Hudson,fhudsondb@surveymonkey.com,Female,34.222.2.58,33-(356)291-7663
481,Mildred,Sanchez,msanchezdc@weebly.com,Female,118.187.160.219,351-(971)726-2324
482,Antonio,Robinson,arobinsondd@scribd.com,Male,56.47.245.207,62-(485)773-7795
483,Gerald,Powell,gpowellde@acquirethisname.com,Male,49.219.208.130,86-(514)852-1629
484,Paul,Black,pblackdf@hugedomains.com,Male,170.186.229.44,63-(503)579-8068
485,Alan,Carpenter,acarpenterdg@sourceforge.net,Male,120.58.19.11,86-(473)538-0014
486,Norma,Rogers,nrogersdh@comcast.net,Female,18.98.234.213,359-(890)698-5403
487,Jeffrey,Williams,jwilliamsdi@multiply.com,Male,46.58.122.240,98-(118)993-5393
488,James,Pierce,jpiercedj@slideshare.net,Male,98.147.233.135,46-(852)241-7832
489,Theresa,Young,tyoungdk@feedburner.com,Female,8.108.179.5,62-(290)809-2944
490,Robin,Mason,rmasondl@sfgate.com,Female,225.134.195.226,63-(132)456-8004
491,Dennis,Fields,dfieldsdm@apache.org,Male,217.76.254.58,62-(538)939-4475
492,Ronald,Mason,rmasondn@ucoz.ru,Male,131.208.108.221,45-(492)370-7140
493,Jacqueline,Kim,jkimdo@prweb.com,Female,207.115.85.103,86-(717)911-9479
494,Johnny,Gutierrez,jgutierrezdp@mysql.com,Male,251.74.165.125,86-(704)591-4020
495,Amy,Shaw,ashawdq@macromedia.com,Female,197.238.155.148,970-(600)157-7490
496,Adam,Meyer,ameyerdr@yandex.ru,Male,184.1.178.56,46-(187)672-4713
497,Sean,Parker,sparkerds@jiathis.com,Male,136.101.230.147,380-(527)567-9175
498,Jennifer,Green,jgreendt@ed.gov,Female,90.179.30.87,63-(252)112-2064
499,Scott,Torres,storresdu@bing.com,Male,62.164.159.130,86-(898)553-1006
500,Diana,Sanchez,dsanchezdv@cdbaby.com,Female,174.50.12.4,63-(846)590-9121
501,Doris,Rose,drosedw@cdc.gov,Female,142.211.49.27,86-(932)584-5574
502,Earl,Burke,eburkedx@instagram.com,Male,159.60.99.118,33-(224)967-8822
503,Clarence,Reynolds,creynoldsdy@quantcast.com,Male,132.60.235.70,353-(910)545-1258
504,Howard,Kim,hkimdz@geocities.jp,Male,126.251.61.228,93-(322)365-5139
505,Joyce,Reed,jreede0@artisteer.com,Female,224.180.176.37,48-(788)338-0174
506,Dorothy,Banks,dbankse1@rambler.ru,Female,213.65.156.131,86-(450)413-1581
507,Jason,Henderson,jhendersone2@xinhuanet.com,Male,55.221.11.13,7-(842)454-5808
508,Roger,Owens,rowense3@goo.ne.jp,Male,113.54.117.0,63-(469)963-3190
509,Doris,Ruiz,druize4@sourceforge.net,Female,95.253.67.225,62-(171)778-7599
510,Kevin,Mills,kmillse5@independent.co.uk,Male,157.23.246.34,55-(452)905-8847
511,Margaret,Sims,msimse6@themeforest.net,Female,53.16.129.98,357-(216)389-8166
512,Evelyn,Kelley,ekelleye7@nyu.edu,Female,112.17.57.160,351-(254)656-6506
513,Christopher,Reyes,creyese8@1und1.de,Male,190.93.120.178,32-(992)272-9249
514,George,Marshall,gmarshalle9@wordpress.com,Male,56.161.30.250,51-(198)193-8482
515,Amanda,Baker,abakerea@sphinn.com,Female,85.97.140.175,63-(573)465-8405
516,Mary,Thompson,mthompsoneb@printfriendly.com,Female,19.246.40.232,62-(865)150-9988
517,Rebecca,Ford,rfordec@infoseek.co.jp,Female,132.135.78.77,227-(339)665-4471
518,Stephen,Clark,sclarked@java.com,Male,62.205.81.2,993-(710)393-1479
519,Emily,Dixon,edixonee@google.pl,Female,238.247.22.102,55-(435)443-3002
520,Steve,Little,slittleef@jiathis.com,Male,30.79.138.247,506-(980)395-9029
521,Rebecca,Riley,rrileyeg@printfriendly.com,Female,66.215.99.229,212-(420)698-2928
522,Patricia,Chavez,pchavezeh@yahoo.com,Female,235.78.198.37,7-(884)846-5862
523,Kathy,George,kgeorgeei@wix.com,Female,117.83.177.250,86-(830)541-6748
524,Beverly,Fisher,bfisherej@xing.com,Female,60.94.203.199,381-(789)405-6653
525,Martha,Stone,mstoneek@irs.gov,Female,226.125.107.62,994-(784)525-0642
526,Randy,Wagner,rwagnerel@nature.com,Male,167.188.35.30,66-(244)962-9601
527,Frank,Cruz,fcruzem@sun.com,Male,9.239.162.98,86-(375)641-3088
528,Beverly,Henry,bhenryen@forbes.com,Female,202.73.254.103,373-(965)529-9934
529,Richard,Harvey,rharveyeo@deviantart.com,Male,137.6.14.171,33-(729)376-0152
530,Helen,Nichols,hnicholsep@bandcamp.com,Female,87.168.62.228,590-(617)796-3022
531,Nicole,Wagner,nwagnereq@dmoz.org,Female,15.226.216.113,86-(957)940-5773
532,Diana,Schmidt,dschmidter@globo.com,Female,117.196.178.167,504-(364)519-2437
533,Joan,Austin,jaustines@gov.uk,Female,203.64.170.25,223-(565)818-2127
534,Sarah,Oliver,soliveret@boston.com,Female,140.252.245.118,62-(434)534-2422
535,Sara,Henderson,shendersoneu@earthlink.net,Female,94.143.90.135,30-(521)108-4155
536,Carlos,Black,cblackev@blogspot.com,Male,235.157.63.130,7-(200)207-7284
537,Patrick,Matthews,pmatthewsew@addtoany.com,Male,164.179.8.148,62-(635)565-6498
538,Harry,Butler,hbutlerex@1688.com,Male,164.242.130.224,48-(265)520-2648
539,Judy,Dixon,jdixoney@networkadvertising.org,Female,38.8.104.134,98-(216)207-9516
540,Teresa,Black,tblackez@google.ru,Female,122.79.89.78,502-(975)731-4334
541,Arthur,Clark,aclarkf0@businessweek.com,Male,217.196.126.122,55-(896)442-8268
542,Todd,Evans,tevansf1@google.es,Male,122.164.134.155,86-(855)475-2246
543,Philip,Lawrence,plawrencef2@wikipedia.org,Male,31.82.119.83,91-(828)476-6929
544,Joe,Sims,jsimsf3@japanpost.jp,Male,47.187.159.151,86-(479)800-1205
545,Anna,Walker,awalkerf4@soundcloud.com,Female,39.208.107.219,880-(976)169-0188
546,Scott,Ramos,sramosf5@1688.com,Male,17.154.253.176,7-(991)366-6130
547,Diane,Hicks,dhicksf6@biblegateway.com,Female,204.162.25.106,92-(942)289-7768
548,David,White,dwhitef7@aol.com,Male,34.62.126.72,57-(487)498-0471
549,Paul,Black,pblackf8@wp.com,Male,210.203.55.150,63-(207)334-9442
550,Betty,Banks,bbanksf9@usatoday.com,Female,188.2.166.35,351-(865)993-0186
551,Kimberly,Weaver,kweaverfa@amazonaws.com,Female,187.168.196.0,233-(279)773-5898
552,Charles,Matthews,cmatthewsfb@berkeley.edu,Male,183.150.155.161,86-(991)807-4342
553,Joe,Webb,jwebbfc@uol.com.br,Male,234.163.127.125,62-(575)101-8818
554,Rose,Freeman,rfreemanfd@hhs.gov,Female,136.157.199.234,47-(388)629-1929
555,Gregory,Wheeler,gwheelerfe@forbes.com,Male,192.34.68.156,33-(931)678-1916
556,Elizabeth,Rose,eroseff@yandex.ru,Female,181.116.227.221,55-(904)440-1268
557,Gary,Marshall,gmarshallfg@geocities.jp,Male,242.216.80.80,1-(300)607-8197
558,Kathryn,Gilbert,kgilbertfh@mediafire.com,Female,242.161.175.203,389-(191)323-5177
559,Jennifer,Watson,jwatsonfi@patch.com,Female,44.37.242.175,54-(107)166-6198
560,Phillip,Roberts,probertsfj@springer.com,Male,148.240.68.241,62-(920)603-8631
561,Bruce,Mcdonald,bmcdonaldfk@flavors.me,Male,45.187.70.70,1-(191)940-8387
562,Donald,Fox,dfoxfl@ask.com,Male,139.46.93.73,504-(357)987-2077
563,Melissa,Simpson,msimpsonfm@reddit.com,Female,172.226.9.233,86-(255)859-6369
564,Scott,Hudson,shudsonfn@elegantthemes.com,Male,70.201.243.41,996-(947)938-2136
565,Eugene,Cook,ecookfo@rediff.com,Male,24.32.88.172,381-(123)208-3862
566,Jean,Adams,jadamsfp@paginegialle.it,Female,19.93.249.41,62-(539)506-6364
567,Donna,Alexander,dalexanderfq@reddit.com,Female,246.239.42.156,251-(567)792-8342
568,Joe,Thomas,jthomasfr@paginegialle.it,Male,102.21.243.55,55-(554)375-5804
569,Diana,Burns,dburnsfs@unicef.org,Female,189.157.180.191,691-(875)423-5402
570,Arthur,Sullivan,asullivanft@mozilla.org,Male,18.41.42.89,63-(388)367-9269
571,Juan,Hall,jhallfu@engadget.com,Male,3.236.57.47,62-(871)988-8067
572,James,Griffin,jgriffinfv@sakura.ne.jp,Male,11.57.46.196,53-(299)188-3652
573,Julia,Ryan,jryanfw@bluehost.com,Female,40.236.146.6,7-(811)655-8769
574,Alice,Andrews,aandrewsfx@dion.ne.jp,Female,216.128.71.3,62-(809)937-9978
575,Jacqueline,Turner,jturnerfy@admin.ch,Female,83.0.87.130,63-(374)284-8844
576,Eric,Carroll,ecarrollfz@stumbleupon.com,Male,125.79.20.69,86-(325)743-9217
577,Maria,Lynch,mlynchg0@gnu.org,Female,81.8.216.64,86-(616)145-9204
578,Ryan,Butler,rbutlerg1@topsy.com,Male,236.28.197.48,86-(204)386-0699
579,Craig,Pierce,cpierceg2@live.com,Male,35.32.182.244,86-(498)503-7303
580,Debra,Hansen,dhanseng3@newsvine.com,Female,121.139.226.214,502-(278)159-6268
581,Terry,Carr,tcarrg4@tiny.cc,Male,90.151.105.203,1-(913)563-8831
582,Sharon,Kelley,skelleyg5@microsoft.com,Female,126.44.85.158,351-(392)880-1244
583,Aaron,Sullivan,asullivang6@furl.net,Male,231.228.46.64,86-(884)203-0302
584,Larry,Myers,lmyersg7@hc360.com,Male,155.173.240.77,48-(964)761-5773
585,Catherine,Chavez,cchavezg8@sitemeter.com,Female,110.125.1.142,54-(772)810-1614
586,Teresa,Morrison,tmorrisong9@princeton.edu,Female,92.61.167.208,593-(589)323-3558
587,Betty,Reid,breidga@dyndns.org,Female,228.213.244.241,81-(314)832-7450
588,George,Bennett,gbennettgb@nba.com,Male,41.101.189.204,1-(718)202-3954
589,Roy,Lynch,rlynchgc@naver.com,Male,25.247.53.4,86-(243)379-1564
590,Amanda,Wagner,awagnergd@ycombinator.com,Female,215.243.118.208,86-(148)445-7889
591,Paul,Arnold,parnoldge@tinypic.com,Male,130.22.24.119,51-(455)569-7590
592,Jose,Peterson,jpetersongf@wiley.com,Male,164.97.157.23,992-(993)904-3524
593,Gregory,Torres,gtorresgg@bloomberg.com,Male,136.197.68.21,972-(351)347-3338
594,Mary,Parker,mparkergh@imageshack.us,Female,64.101.221.63,212-(936)386-5085
595,Craig,Lane,clanegi@utexas.edu,Male,139.196.196.246,63-(473)116-0763
596,Gloria,Chavez,gchavezgj@irs.gov,Female,207.19.115.170,84-(449)252-9878
597,Ronald,Mcdonald,rmcdonaldgk@washington.edu,Male,43.210.166.114,84-(417)997-3488
598,Kathryn,Cook,kcookgl@ucoz.com,Female,205.39.10.212,389-(214)804-6153
599,Philip,Davis,pdavisgm@ftc.gov,Male,111.125.234.14,7-(703)621-2755
600,Pamela,Fuller,pfullergn@lulu.com,Female,63.204.177.140,506-(164)816-0358
601,Ashley,Perkins,aperkinsgo@mlb.com,Female,133.14.200.172,62-(761)110-6381
602,Helen,Morgan,hmorgangp@upenn.edu,Female,63.88.87.13,93-(748)700-8142
603,Jeffrey,Holmes,jholmesgq@opensource.org,Male,1.83.170.2,33-(316)285-3793
604,Maria,Wheeler,mwheelergr@blogtalkradio.com,Female,21.27.193.8,51-(464)467-5748
605,Sharon,Jacobs,sjacobsgs@mozilla.com,Female,194.153.69.13,48-(697)537-4622
606,Aaron,Adams,aadamsgt@php.net,Male,246.45.236.58,381-(683)637-9011
607,Paul,Reed,preedgu@xing.com,Male,240.11.179.124,48-(278)992-8351
608,Peter,Hawkins,phawkinsgv@cam.ac.uk,Male,182.9.214.179,33-(269)784-2059
609,Ralph,Butler,rbutlergw@plala.or.jp,Male,239.245.161.38,420-(297)546-5307
610,Sarah,Shaw,sshawgx@networkadvertising.org,Female,2.175.83.139,420-(628)925-5106
611,Robert,Larson,rlarsongy@acquirethisname.com,Male,175.125.169.148,1-(631)667-7054
612,Albert,Alvarez,aalvarezgz@spiegel.de,Male,11.234.131.135,33-(653)354-3682
613,Patricia,Harrison,pharrisonh0@google.com,Female,192.11.143.100,62-(997)932-0774
614,Eric,Pierce,epierceh1@twitpic.com,Male,255.112.151.231,51-(188)405-4068
615,Judith,Spencer,jspencerh2@mac.com,Female,15.74.196.127,51-(189)334-1375
616,Philip,Banks,pbanksh3@youtube.com,Male,103.208.113.223,351-(544)105-6612
617,Elizabeth,Fernandez,efernandezh4@desdev.cn,Female,106.187.130.102,33-(261)145-5534
618,Ernest,Webb,ewebbh5@apache.org,Male,222.120.230.193,62-(103)272-0094
619,Lisa,Fowler,lfowlerh6@mediafire.com,Female,3.170.67.143,63-(924)698-2296
620,Mark,Hayes,mhayesh7@ucla.edu,Male,205.167.192.22,86-(267)940-5840
621,Brenda,Sanders,bsandersh8@blog.com,Female,214.109.59.180,62-(103)244-7578
622,Kimberly,Berry,kberryh9@ft.com,Female,246.50.82.165,351-(133)921-5550
623,Barbara,Garrett,bgarrettha@gmpg.org,Female,243.226.184.227,81-(450)866-3836
624,Nicholas,Garrett,ngarretthb@un.org,Male,31.228.40.71,230-(299)928-6326
625,Johnny,Black,jblackhc@amazonaws.com,Male,24.158.211.66,86-(121)987-2527
626,Philip,Grant,pgranthd@flavors.me,Male,195.156.85.95,34-(490)816-5431
627,Ronald,Burke,rburkehe@topsy.com,Male,54.32.157.112,261-(730)861-7809
628,Nancy,Carr,ncarrhf@state.gov,Female,61.39.39.20,357-(481)390-4630
629,Christina,Bell,cbellhg@tmall.com,Female,83.11.220.83,351-(666)690-6883
630,Kathryn,Garza,kgarzahh@furl.net,Female,121.212.68.4,86-(301)233-5675
631,Donald,Wallace,dwallacehi@umn.edu,Male,177.63.13.136,86-(330)190-8287
632,Irene,Little,ilittlehj@un.org,Female,7.57.244.72,58-(242)553-8017
633,Debra,Simpson,dsimpsonhk@prweb.com,Female,178.200.107.180,33-(247)283-2887
634,Kevin,Crawford,kcrawfordhl@t.co,Male,4.140.196.240,86-(845)175-0187
635,Linda,Powell,lpowellhm@yolasite.com,Female,180.0.32.23,976-(782)663-7476
636,Roger,Peterson,rpetersonhn@alexa.com,Male,237.193.1.136,249-(366)622-7550
637,Shirley,George,sgeorgeho@harvard.edu,Female,239.210.14.221,86-(943)758-2165
638,Randy,Bryant,rbryanthp@csmonitor.com,Male,184.21.196.84,55-(478)561-4696
639,Jack,Shaw,jshawhq@lycos.com,Male,222.255.196.133,55-(390)453-2144
640,Frances,Morris,fmorrishr@boston.com,Female,157.94.185.86,48-(144)943-3967
641,Jose,Perry,jperryhs@mapy.cz,Male,216.143.106.116,351-(624)388-0861
642,Beverly,Little,blittleht@census.gov,Female,200.127.197.22,46-(102)735-6826
643,Phillip,Fields,pfieldshu@go.com,Male,39.129.77.0,86-(727)115-9966
644,Mark,Ramirez,mramirezhv@nasa.gov,Male,190.28.85.146,86-(500)468-3265
645,Justin,Alexander,jalexanderhw@php.net,Male,238.143.59.102,62-(470)378-3282
646,Todd,Wright,twrighthx@usnews.com,Male,54.250.253.200,57-(612)286-4873
647,Pamela,Miller,pmillerhy@mozilla.com,Female,190.90.250.249,54-(695)431-2373
648,Daniel,Ryan,dryanhz@weibo.com,Male,107.51.76.218,86-(665)870-7365
649,Charles,Mccoy,cmccoyi0@mozilla.com,Male,1.29.68.83,234-(971)363-6647
650,Doris,Ramos,dramosi1@sun.com,Female,144.212.10.246,1-(614)800-0923
651,Phyllis,Morales,pmoralesi2@reddit.com,Female,12.2.218.254,358-(485)723-3572
652,Thomas,Greene,tgreenei3@pbs.org,Male,57.51.175.188,86-(740)923-8949
653,Deborah,Ellis,dellisi4@linkedin.com,Female,161.102.252.174,234-(574)186-1314
654,Paula,Olson,polsoni5@hugedomains.com,Female,236.177.155.28,7-(228)214-9454
655,Diane,Parker,dparkeri6@nba.com,Female,194.155.120.24,66-(791)973-8243
656,Ann,Mcdonald,amcdonaldi7@edublogs.org,Female,66.120.0.195,962-(741)780-2056
657,Randy,Hanson,rhansoni8@go.com,Male,231.170.61.132,33-(768)143-2565
658,Brenda,Wheeler,bwheeleri9@edublogs.org,Female,21.17.113.161,62-(150)448-0657
659,Joan,Peters,jpetersia@shop-pro.jp,Female,192.182.201.114,58-(242)471-4378
660,Jean,Carroll,jcarrollib@sina.com.cn,Female,227.129.174.131,420-(318)535-5249
661,Adam,Bowman,abowmanic@rediff.com,Male,114.97.137.242,62-(376)988-7281
662,Eugene,Parker,eparkerid@mashable.com,Male,190.134.25.204,86-(409)800-7280
663,Anna,Baker,abakerie@yellowbook.com,Female,158.242.159.79,66-(718)778-1346
664,Mary,Price,mpriceif@economist.com,Female,126.100.182.24,7-(421)356-6781
665,Christine,Foster,cfosterig@reference.com,Female,153.37.34.172,353-(733)319-0282
666,Dorothy,Sanders,dsandersih@slideshare.net,Female,35.198.49.33,62-(569)549-2943
667,Angela,Lewis,alewisii@columbia.edu,Female,79.3.72.104,62-(639)228-1639
668,Brian,Ferguson,bfergusonij@photobucket.com,Male,10.253.189.252,255-(530)516-3110
669,Kathleen,Torres,ktorresik@ezinearticles.com,Female,193.130.252.255,55-(949)502-9054
670,Frank,Hudson,fhudsonil@omniture.com,Male,17.146.194.175,86-(581)429-0432
671,Kevin,Lawson,klawsonim@cornell.edu,Male,22.119.180.217,225-(809)465-7500
672,Arthur,Banks,abanksin@multiply.com,Male,134.193.83.151,54-(142)762-9037
673,Lisa,Berry,lberryio@alibaba.com,Female,254.218.175.68,62-(314)957-0975
674,Louise,Palmer,lpalmerip@gizmodo.com,Female,72.221.164.70,55-(176)349-0231
675,Robert,Simmons,rsimmonsiq@washingtonpost.com,Male,211.217.68.10,359-(364)316-2784
676,Dennis,Harrison,dharrisonir@usda.gov,Male,157.198.49.11,93-(342)286-7757
677,Michelle,Jackson,mjacksonis@prlog.org,Female,160.139.70.58,33-(409)382-0367
678,Sara,Hunt,shuntit@ovh.net,Female,79.145.235.100,33-(679)293-5252
679,Craig,Patterson,cpattersoniu@com.com,Male,190.211.225.246,63-(849)915-4288
680,Jessica,Brown,jbrowniv@nifty.com,Female,224.2.88.15,62-(630)212-5093
681,Mary,Burke,mburkeiw@java.com,Female,137.37.51.233,49-(339)404-0045
682,Mary,Kelly,mkellyix@comsenz.com,Female,63.81.27.191,86-(362)342-7467
683,Margaret,Richards,mrichardsiy@mozilla.org,Female,160.28.44.18,34-(122)878-7531
684,Elizabeth,Martin,emartiniz@deliciousdays.com,Female,60.240.248.160,63-(388)542-3639
685,Laura,Stone,lstonej0@ted.com,Female,156.250.179.210,86-(938)459-9445
686,Kathleen,Ruiz,kruizj1@rediff.com,Female,73.18.193.178,48-(299)202-8498
687,Laura,Dunn,ldunnj2@symantec.com,Female,43.96.112.4,353-(251)655-8108
688,Todd,Richardson,trichardsonj3@wikipedia.org,Male,90.64.155.41,33-(910)307-9472
689,Andrew,Dixon,adixonj4@irs.gov,Male,173.16.21.64,86-(891)592-7099
690,Joyce,Walker,jwalkerj5@vimeo.com,Female,44.32.189.159,43-(253)197-2112
691,Victor,Gonzales,vgonzalesj6@newyorker.com,Male,19.41.44.177,237-(171)195-5139
692,Jason,Myers,jmyersj7@hubpages.com,Male,203.35.5.102,86-(732)189-2185
693,Elizabeth,Jenkins,ejenkinsj8@t.co,Female,63.111.13.113,389-(940)312-8016
694,Steven,Duncan,sduncanj9@facebook.com,Male,234.179.196.13,86-(497)381-4823
695,William,Hamilton,whamiltonja@vinaora.com,Male,119.63.185.234,1-(656)114-5016
696,Ruth,Elliott,relliottjb@umich.edu,Female,100.73.62.103,55-(119)532-8079
697,Shawn,George,sgeorgejc@unicef.org,Male,152.202.252.58,261-(525)288-1171
698,Judy,Reyes,jreyesjd@jugem.jp,Female,168.207.37.102,687-(399)326-8929
699,Nicholas,Wagner,nwagnerje@prweb.com,Male,94.149.95.178,48-(618)403-1073
700,Doris,Jackson,djacksonjf@goo.ne.jp,Female,178.10.68.100,46-(121)149-8120
701,Craig,Garza,cgarzajg@vimeo.com,Male,191.44.34.127,86-(992)933-5164
702,Louis,Washington,lwashingtonjh@yahoo.com,Male,136.83.195.68,86-(269)287-8045
703,Sean,Hall,shallji@weibo.com,Male,133.203.241.82,420-(250)225-7147
704,David,Allen,dallenjj@ibm.com,Male,78.65.156.214,7-(208)576-1286
705,Carol,Moore,cmoorejk@unc.edu,Female,64.201.240.59,855-(383)748-6123
706,Ruby,Mason,rmasonjl@google.ru,Female,7.85.251.41,7-(111)590-8125
707,Scott,Kim,skimjm@amazon.co.jp,Male,98.220.224.137,63-(680)726-5895
708,Carlos,Berry,cberryjn@shutterfly.com,Male,20.124.198.76,993-(646)429-2519
709,Jack,Bell,jbelljo@japanpost.jp,Male,104.239.28.212,51-(610)678-4870
710,Justin,King,jkingjp@github.com,Male,210.2.196.29,62-(738)670-8773
711,Arthur,Gardner,agardnerjq@squidoo.com,Male,130.64.135.248,81-(866)100-3109
712,Sara,Rivera,sriverajr@fc2.com,Female,200.72.2.247,992-(307)212-6435
713,Juan,James,jjamesjs@tripod.com,Male,79.110.240.119,7-(502)536-4766
714,Irene,Torres,itorresjt@weebly.com,Female,106.252.50.123,357-(623)201-5902
715,Kathleen,Garza,kgarzaju@china.com.cn,Female,76.141.93.60,63-(970)314-6632
716,Margaret,Cooper,mcooperjv@house.gov,Female,178.83.16.222,86-(392)549-3878
717,Sean,Day,sdayjw@51.la,Male,81.167.197.217,351-(103)781-7177
718,Jason,Parker,jparkerjx@state.tx.us,Male,19.2.176.237,55-(829)430-1574
719,Janet,Brooks,jbrooksjy@vinaora.com,Female,138.33.45.101,86-(697)531-5872
720,Patrick,Murphy,pmurphyjz@google.ru,Male,255.102.230.48,353-(785)241-4932
721,Arthur,Kelly,akellyk0@europa.eu,Male,217.209.203.13,30-(933)586-3345
722,Philip,Mendoza,pmendozak1@weather.com,Male,114.31.183.123,86-(202)381-0713
723,Brian,Graham,bgrahamk2@slate.com,Male,92.162.194.186,86-(560)451-1010
724,Theresa,Larson,tlarsonk3@163.com,Female,188.14.208.139,33-(891)745-0987
725,Linda,Lee,lleek4@gmpg.org,Female,60.110.178.149,351-(742)558-9989
726,Lois,Bishop,lbishopk5@about.me,Female,62.10.150.0,86-(502)297-9279
727,Anna,Webb,awebbk6@bluehost.com,Female,207.159.155.126,86-(152)595-1035
728,Margaret,Henry,mhenryk7@ucsd.edu,Female,141.228.232.81,33-(736)319-1570
729,Robert,Nguyen,rnguyenk8@nasa.gov,Male,49.145.134.167,63-(293)698-5624
730,Frances,Watkins,fwatkinsk9@ycombinator.com,Female,42.133.119.15,63-(260)685-8689
731,William,Ramirez,wramirezka@wikipedia.org,Male,156.37.86.153,355-(761)457-3057
732,Justin,Marshall,jmarshallkb@disqus.com,Male,180.137.152.185,86-(810)174-8319
733,Bruce,Hart,bhartkc@google.com.au,Male,117.95.127.192,62-(654)761-1256
734,Mildred,Burton,mburtonkd@naver.com,Female,87.58.112.148,351-(736)458-9264
735,Jason,Cox,jcoxke@spotify.com,Male,13.133.229.197,351-(721)389-6599
736,Julia,Ryan,jryankf@geocities.com,Female,186.34.165.52,63-(997)876-9511
737,Jerry,Murphy,jmurphykg@live.com,Male,1.78.81.169,30-(876)903-5486
738,Irene,Taylor,itaylorkh@reverbnation.com,Female,19.141.157.116,504-(180)554-7522
739,Catherine,Perry,cperryki@amazon.co.uk,Female,67.117.18.66,62-(824)314-2483
740,Willie,Butler,wbutlerkj@squidoo.com,Male,2.83.156.206,81-(614)729-3645
741,Rachel,Little,rlittlekk@blogs.com,Female,129.237.138.223,86-(525)441-7486
742,Joe,Wheeler,jwheelerkl@oracle.com,Male,128.28.135.122,51-(789)222-3612
743,Aaron,Patterson,apattersonkm@yellowpages.com,Male,105.87.94.214,62-(350)126-8325
744,Carol,Schmidt,cschmidtkn@drupal.org,Female,70.129.79.0,48-(318)669-9068
745,Edward,Hunter,ehunterko@shutterfly.com,Male,213.92.0.62,62-(681)156-1174
746,Jacqueline,Reed,jreedkp@japanpost.jp,Female,194.227.109.22,63-(164)808-4424
747,Chris,Moore,cmoorekq@paginegialle.it,Male,7.186.65.255,86-(133)715-0619
748,Larry,Garcia,lgarciakr@fda.gov,Male,71.200.250.64,420-(872)446-1003
749,Judy,Fields,jfieldsks@123-reg.co.uk,Female,110.143.213.58,48-(719)198-4736
750,Julie,Price,jpricekt@flickr.com,Female,187.177.234.4,86-(996)412-7310
751,Beverly,Duncan,bduncanku@macromedia.com,Female,116.118.72.160,46-(160)462-0559
752,Julie,Shaw,jshawkv@oaic.gov.au,Female,142.215.216.152,63-(528)435-6737
753,Billy,Long,blongkw@theatlantic.com,Male,129.134.32.208,30-(239)303-9356
754,Clarence,West,cwestkx@tuttocitta.it,Male,14.217.129.15,86-(686)918-9492
755,Eugene,Bailey,ebaileyky@go.com,Male,20.57.24.131,81-(143)568-7484
756,Angela,Perez,aperezkz@youtube.com,Female,173.244.128.171,976-(124)332-8456
757,Melissa,Price,mpricel0@utexas.edu,Female,173.176.130.111,381-(335)102-2610
758,Adam,Nelson,anelsonl1@github.com,Male,194.11.134.110,86-(484)864-2086
759,Andrea,Sanders,asandersl2@twitpic.com,Female,72.80.135.169,86-(897)819-2199
760,Ashley,Fisher,afisherl3@webs.com,Female,48.141.126.127,244-(681)120-9497
761,Judith,Harrison,jharrisonl4@miibeian.gov.cn,Female,162.75.218.80,55-(414)130-4305
762,Maria,White,mwhitel5@ow.ly,Female,227.99.143.198,7-(743)587-0843
763,Ralph,Boyd,rboydl6@geocities.com,Male,245.245.106.60,86-(911)584-1808
764,John,Austin,jaustinl7@webmd.com,Male,205.76.233.251,7-(413)366-9683
765,Anne,Stevens,astevensl8@joomla.org,Female,84.242.166.177,58-(973)743-5519
766,Eric,Rodriguez,erodriguezl9@sitemeter.com,Male,240.86.104.73,57-(277)485-6806
767,Gloria,Campbell,gcampbellla@usnews.com,Female,215.183.38.110,63-(332)601-6153
768,Margaret,Jenkins,mjenkinslb@java.com,Female,247.214.57.18,55-(434)725-6817
769,Andrea,Harvey,aharveylc@nsw.gov.au,Female,252.80.111.245,63-(662)849-9130
770,Amy,Smith,asmithld@aboutads.info,Female,80.186.169.5,93-(934)426-0079
771,Patrick,Owens,powensle@ask.com,Male,245.177.235.35,420-(794)348-7247
772,Andrea,Roberts,arobertslf@twitpic.com,Female,11.226.64.191,48-(797)829-1550
773,David,Peters,dpeterslg@phpbb.com,Male,239.29.4.6,227-(175)417-2662
774,Dorothy,Cooper,dcooperlh@e-recht24.de,Female,17.197.110.65,389-(116)395-0140
775,Terry,Stanley,tstanleyli@blogtalkradio.com,Male,234.209.224.146,62-(295)973-3826
776,Phyllis,Cruz,pcruzlj@toplist.cz,Female,73.193.94.100,380-(841)101-0251
777,George,Ferguson,gfergusonlk@yandex.ru,Male,6.243.254.185,66-(476)436-8197
778,Mary,Adams,madamsll@google.fr,Female,37.139.122.117,998-(428)483-9399
779,Judy,Hicks,jhickslm@amazon.de,Female,179.156.44.9,33-(711)600-5372
780,Edward,Butler,ebutlerln@storify.com,Male,254.202.19.217,81-(357)570-1114
781,Mary,Howell,mhowelllo@wikispaces.com,Female,147.191.138.160,46-(836)382-3128
782,Ralph,Bell,rbelllp@google.it,Male,22.129.136.8,54-(860)898-9149
783,Phyllis,Cox,pcoxlq@businessinsider.com,Female,201.3.219.241,48-(433)708-2574
784,Alice,Fuller,afullerlr@nytimes.com,Female,167.100.86.77,62-(205)371-0003
785,Marie,Ramos,mramosls@blinklist.com,Female,96.38.181.237,855-(857)845-3681
786,Judy,Williams,jwilliamslt@icio.us,Female,7.59.36.95,351-(987)476-6197
787,Janice,Taylor,jtaylorlu@samsung.com,Female,166.4.189.139,86-(254)311-9797
788,Johnny,Butler,jbutlerlv@simplemachines.org,Male,3.19.241.84,86-(152)630-7306
789,Ashley,Fowler,afowlerlw@a8.net,Female,172.202.237.133,86-(806)409-9880
790,Benjamin,Henderson,bhendersonlx@noaa.gov,Male,173.160.14.65,7-(450)673-9309
791,Fred,Hansen,fhansenly@ft.com,Male,99.59.85.94,7-(462)566-7789
792,Martin,Carpenter,mcarpenterlz@globo.com,Male,102.7.114.174,46-(500)567-1975
793,Kathleen,Jackson,kjacksonm0@webmd.com,Female,28.84.39.14,33-(536)764-8866
794,Gloria,Reynolds,greynoldsm1@guardian.co.uk,Female,97.197.142.189,86-(624)542-9609
795,Heather,Jenkins,hjenkinsm2@cnbc.com,Female,250.60.160.11,48-(854)606-8294
796,Russell,Perry,rperrym3@scribd.com,Male,52.19.97.224,54-(985)530-9521
797,Joe,Mendoza,jmendozam4@senate.gov,Male,49.193.213.1,1-(650)513-4692
798,Beverly,Greene,bgreenem5@rambler.ru,Female,210.48.199.243,30-(477)930-0723
799,Joyce,Morrison,jmorrisonm6@cbsnews.com,Female,215.3.231.121,7-(561)594-0188
800,Michelle,Day,mdaym7@simplemachines.org,Female,35.202.127.143,86-(420)521-4099
801,Nicholas,Moore,nmoorem8@vimeo.com,Male,206.218.72.63,51-(786)640-1184
802,Nicole,Clark,nclarkm9@businesswire.com,Female,135.193.156.151,84-(543)672-1929
803,Roger,Butler,rbutlerma@harvard.edu,Male,154.178.99.198,255-(879)137-5837
804,Larry,Green,lgreenmb@joomla.org,Male,113.206.222.155,55-(123)705-2146
805,Marilyn,Palmer,mpalmermc@hubpages.com,Female,113.95.131.60,967-(214)716-7014
806,Henry,Ellis,hellismd@whitehouse.gov,Male,163.108.136.130,86-(822)562-2955
807,Martha,Barnes,mbarnesme@51.la,Female,149.89.209.79,34-(656)407-0540
808,Amanda,Boyd,aboydmf@time.com,Female,40.93.186.247,63-(899)100-8175
809,Sandra,Lewis,slewismg@guardian.co.uk,Female,86.174.66.57,1-(234)474-2903
810,Beverly,Carr,bcarrmh@ovh.net,Female,99.94.15.92,63-(571)238-4206
811,Kenneth,Daniels,kdanielsmi@vistaprint.com,Male,236.23.172.119,46-(354)332-2593
812,Janet,Wright,jwrightmj@state.tx.us,Female,206.233.26.107,62-(513)983-5210
813,Kenneth,Harrison,kharrisonmk@house.gov,Male,97.233.55.146,86-(534)984-4219
814,Douglas,Gutierrez,dgutierrezml@nationalgeographic.com,Male,58.156.172.253,62-(288)723-8668
815,Sara,Burke,sburkemm@nytimes.com,Female,216.99.45.83,57-(294)992-4075
816,Roy,Cunningham,rcunninghammn@mysql.com,Male,207.239.129.92,62-(829)760-7117
817,Irene,Welch,iwelchmo@qq.com,Female,193.47.254.252,63-(988)545-2660
818,Andrew,Bradley,abradleymp@omniture.com,Male,187.142.14.248,234-(106)423-8602
819,Earl,Kelley,ekelleymq@nytimes.com,Male,171.232.214.49,92-(222)261-7949
820,Albert,Baker,abakermr@canalblog.com,Male,84.178.179.153,977-(181)297-1473
821,Betty,Thomas,bthomasms@free.fr,Female,244.1.244.88,62-(471)659-1103
822,Joan,Franklin,jfranklinmt@nymag.com,Female,136.95.243.213,46-(831)905-1545
823,Billy,Watkins,bwatkinsmu@bloomberg.com,Male,49.146.29.127,86-(734)868-9211
824,Carolyn,Nelson,cnelsonmv@intel.com,Female,82.93.167.37,351-(448)829-8091
825,Cynthia,Medina,cmedinamw@seesaa.net,Female,187.40.220.82,232-(275)389-0971
826,Donna,Chavez,dchavezmx@nydailynews.com,Female,129.142.119.183,62-(787)463-1310
827,Eugene,Richardson,erichardsonmy@spotify.com,Male,243.252.229.65,48-(139)828-4499
828,Tina,Rogers,trogersmz@npr.org,Female,142.195.9.232,62-(533)700-9516
829,Judy,Lopez,jlopezn0@wunderground.com,Female,200.242.149.143,351-(979)401-7747
830,Michelle,George,mgeorgen1@mail.ru,Female,88.201.117.74,55-(512)344-3343
831,Shawn,Morris,smorrisn2@go.com,Male,53.24.147.76,56-(348)721-6021
832,Janet,Gray,jgrayn3@adobe.com,Female,236.39.152.102,420-(977)314-0628
833,Carolyn,Freeman,cfreemann4@squarespace.com,Female,50.229.41.65,961-(324)950-4390
834,Marilyn,Graham,mgrahamn5@cnet.com,Female,108.183.144.65,51-(501)351-9607
835,Marie,Cole,mcolen6@wikispaces.com,Female,91.245.238.3,970-(232)346-7517
836,James,Rice,jricen7@hibu.com,Male,188.140.237.211,57-(763)513-7371
837,Gloria,Day,gdayn8@bbc.co.uk,Female,119.129.204.220,86-(682)664-7694
838,Henry,Weaver,hweavern9@home.pl,Male,40.59.106.217,374-(742)652-7207
839,Martin,Cole,mcolena@engadget.com,Male,120.205.33.215,62-(270)426-2176
840,Bobby,Garrett,bgarrettnb@nba.com,Male,13.150.177.191,46-(518)618-6142
841,Victor,Gilbert,vgilbertnc@webeden.co.uk,Male,246.164.170.6,63-(930)292-6707
842,Roger,Lane,rlanend@disqus.com,Male,224.66.247.190,86-(410)984-0893
843,Sarah,Kennedy,skennedyne@cbc.ca,Female,231.12.123.245,81-(161)780-8833
844,Joan,Ramirez,jramireznf@narod.ru,Female,89.240.13.106,86-(840)495-2548
845,Fred,Ray,frayng@tumblr.com,Male,226.207.180.65,86-(558)780-9306
846,Frances,Carr,fcarrnh@hhs.gov,Female,94.255.45.123,62-(909)103-6035
847,Phyllis,Ward,pwardni@sfgate.com,Female,115.156.123.84,55-(164)566-1717
848,Eric,Cooper,ecoopernj@purevolume.com,Male,14.238.224.223,86-(554)845-9895
849,William,Fowler,wfowlernk@nih.gov,Male,61.199.189.191,63-(304)328-8204
850,Kelly,Welch,kwelchnl@discovery.com,Female,189.246.104.185,389-(432)982-6182
851,Carlos,Henry,chenrynm@acquirethisname.com,Male,85.92.245.122,54-(672)709-6212
852,Denise,Freeman,dfreemannn@xrea.com,Female,250.253.17.47,60-(255)928-4185
853,Earl,Wilson,ewilsonno@mail.ru,Male,54.82.162.37,351-(366)698-4994
854,Heather,Perry,hperrynp@google.it,Female,139.151.158.228,46-(497)353-1401
855,Alan,Ortiz,aortiznq@example.com,Male,201.201.160.147,55-(350)812-6854
856,Carolyn,Evans,cevansnr@multiply.com,Female,247.55.130.112,86-(699)299-6737
857,Ruth,Harrison,rharrisonns@unesco.org,Female,124.74.126.180,55-(668)726-0736
858,Samuel,Ryan,sryannt@nsw.gov.au,Male,238.95.189.151,57-(453)396-2240
859,Linda,Schmidt,lschmidtnu@usda.gov,Female,18.29.182.248,86-(350)416-6889
860,Beverly,Garza,bgarzanv@jigsy.com,Female,123.137.121.147,86-(496)893-3038
861,Juan,Hernandez,jhernandeznw@free.fr,Male,173.210.87.31,55-(177)221-3471
862,Anthony,Ford,afordnx@washington.edu,Male,9.24.56.122,7-(137)770-5252
863,Brenda,Banks,bbanksny@samsung.com,Female,34.142.46.249,62-(482)362-2365
864,Gerald,Davis,gdavisnz@wisc.edu,Male,66.148.70.185,63-(304)418-2687
865,Shirley,Powell,spowello0@networksolutions.com,Female,174.134.45.129,880-(893)728-8064
866,Tammy,Torres,ttorreso1@rambler.ru,Female,18.20.249.115,63-(182)375-4008
867,Robin,Ramos,rramoso2@addthis.com,Female,30.11.214.232,62-(334)747-7009
868,Lawrence,Carter,lcartero3@house.gov,Male,209.46.233.194,62-(462)360-9682
869,Matthew,Garcia,mgarciao4@skyrock.com,Male,180.113.54.183,98-(174)811-9572
870,Joseph,Martinez,jmartinezo5@dedecms.com,Male,66.17.0.247,86-(892)812-2194
871,Beverly,Fernandez,bfernandezo6@wisc.edu,Female,132.43.65.8,86-(100)792-4201
872,Albert,Jones,ajoneso7@chron.com,Male,38.91.180.138,33-(304)667-3043
873,Jennifer,Martin,jmartino8@printfriendly.com,Female,237.182.89.192,66-(631)329-8066
874,Daniel,Rose,droseo9@tamu.edu,Male,37.44.153.246,1-(630)412-2746
875,Ruby,Harper,rharperoa@mtv.com,Female,133.88.68.87,86-(931)344-1197
876,Steve,Hall,shallob@123-reg.co.uk,Male,10.153.163.222,63-(965)671-0420
877,Jean,Rice,jriceoc@tinypic.com,Female,6.229.123.82,86-(196)959-1538
878,Gregory,Hall,ghallod@over-blog.com,Male,134.227.37.251,374-(228)910-6550
879,Alan,Olson,aolsonoe@goo.ne.jp,Male,106.78.114.7,30-(449)168-6959
880,Mildred,Flores,mfloresof@phoca.cz,Female,156.234.125.35,972-(669)838-7635
881,Debra,Williamson,dwilliamsonog@gmpg.org,Female,233.66.140.145,55-(578)504-9035
882,Willie,Mccoy,wmccoyoh@soundcloud.com,Male,37.193.177.130,976-(847)869-2635
883,Andrew,Ramirez,aramirezoi@ycombinator.com,Male,229.106.56.38,351-(781)315-6497
884,Timothy,Williamson,twilliamsonoj@umich.edu,Male,41.157.13.144,62-(934)630-8205
885,Victor,Myers,vmyersok@youtu.be,Male,97.17.70.104,27-(884)655-3311
886,Evelyn,Price,epriceol@facebook.com,Female,55.218.187.168,55-(144)707-8791
887,Diana,Mcdonald,dmcdonaldom@auda.org.au,Female,1.159.195.34,62-(889)536-1785
888,Ruth,Stephens,rstephenson@forbes.com,Female,166.89.155.110,51-(796)417-2793
889,Deborah,Ray,drayoo@guardian.co.uk,Female,255.187.6.107,46-(251)838-6976
890,Theresa,Welch,twelchop@over-blog.com,Female,125.124.27.86,62-(909)350-4140
891,Billy,Young,byoungoq@about.me,Male,110.3.63.199,62-(556)243-7465
892,Keith,Riley,krileyor@tripadvisor.com,Male,16.157.172.67,62-(163)873-4269
893,Phillip,Medina,pmedinaos@huffingtonpost.com,Male,239.3.76.245,57-(174)612-9382
894,Phillip,Castillo,pcastilloot@ucoz.ru,Male,64.164.13.37,30-(693)991-9269
895,Clarence,Owens,cowensou@gizmodo.com,Male,82.97.37.7,886-(782)168-8833
896,Mildred,Mccoy,mmccoyov@ning.com,Female,196.36.153.181,7-(265)836-9977
897,Timothy,Martin,tmartinow@github.io,Male,221.201.91.226,1-(202)295-8507
898,Arthur,Fernandez,afernandezox@chicagotribune.com,Male,204.162.156.97,237-(353)867-6219
899,Lawrence,Evans,levansoy@apple.com,Male,194.245.82.201,355-(296)686-7662
900,Amanda,Russell,arusselloz@studiopress.com,Female,201.146.14.97,44-(646)312-3400
901,Christina,Howell,chowellp0@mozilla.com,Female,199.134.18.252,255-(684)656-7924
902,Alice,Payne,apaynep1@acquirethisname.com,Female,66.104.9.200,66-(160)520-8493
903,Bruce,Mitchell,bmitchellp2@spotify.com,Male,48.159.103.172,502-(876)365-9992
904,Clarence,Jacobs,cjacobsp3@sfgate.com,Male,248.58.45.13,62-(247)463-8302
905,Scott,Carroll,scarrollp4@sourceforge.net,Male,134.56.115.143,1-(533)731-8755
906,Nancy,Daniels,ndanielsp5@wordpress.com,Female,176.74.215.104,255-(118)572-6677
907,Gary,Sanders,gsandersp6@homestead.com,Male,55.27.112.39,261-(917)738-5514
908,Christopher,Burton,cburtonp7@businessweek.com,Male,56.233.136.24,48-(334)888-7530
909,Cynthia,Powell,cpowellp8@amazon.de,Female,175.210.132.128,60-(648)424-6736
910,Douglas,Marshall,dmarshallp9@google.com,Male,15.19.219.65,86-(297)913-4310
911,Martin,Fowler,mfowlerpa@mac.com,Male,126.139.113.32,92-(391)952-6952
912,Howard,Patterson,hpattersonpb@joomla.org,Male,113.253.124.17,7-(826)941-9463
913,Diana,Fox,dfoxpc@posterous.com,Female,241.58.69.248,86-(409)894-7075
914,Angela,Gutierrez,agutierrezpd@123-reg.co.uk,Female,67.147.129.129,30-(631)756-0533
915,Ralph,Hayes,rhayespe@discovery.com,Male,133.178.246.184,86-(339)758-2013
916,Benjamin,Oliver,boliverpf@weather.com,Male,199.189.83.132,86-(558)941-3634
917,Doris,Ford,dfordpg@goodreads.com,Female,61.0.199.67,353-(724)386-2991
918,Frances,Little,flittleph@aboutads.info,Female,223.113.171.156,351-(902)701-9364
919,Larry,Bradley,lbradleypi@blogger.com,Male,117.246.240.106,256-(640)401-9353
920,Jane,Murray,jmurraypj@wired.com,Female,15.150.76.100,230-(197)430-3202
921,James,Frazier,jfrazierpk@washington.edu,Male,233.48.101.141,212-(934)477-0168
922,Jennifer,Garza,jgarzapl@freewebs.com,Female,42.199.150.56,86-(581)322-7593
923,Andrea,Jones,ajonespm@nationalgeographic.com,Female,248.92.135.199,57-(398)861-6560
924,Scott,Harvey,sharveypn@about.com,Male,75.220.143.212,62-(687)912-8244
925,Wayne,Owens,wowenspo@studiopress.com,Male,60.116.84.14,420-(869)285-2366
926,Alan,Hansen,ahansenpp@ameblo.jp,Male,213.152.251.247,98-(846)615-7799
927,Sandra,Freeman,sfreemanpq@privacy.gov.au,Female,113.171.7.81,501-(993)557-6452
928,Nicholas,Owens,nowenspr@bandcamp.com,Male,150.73.246.92,502-(991)461-7278
929,Steve,Graham,sgrahamps@ifeng.com,Male,219.253.183.93,56-(740)726-3722
930,Beverly,Gutierrez,bgutierrezpt@sphinn.com,Female,236.103.78.124,62-(351)527-5514
931,Phillip,Robertson,probertsonpu@berkeley.edu,Male,220.145.109.87,54-(410)684-0698
932,William,Kelly,wkellypv@amazon.co.jp,Male,195.67.113.254,93-(776)250-1751
933,Michelle,Pierce,mpiercepw@amazon.de,Female,98.32.223.161,7-(723)731-4728
934,Phyllis,Snyder,psnyderpx@diigo.com,Female,203.198.147.104,86-(513)741-2392
935,Arthur,Fields,afieldspy@oracle.com,Male,173.136.242.43,502-(166)466-1543
936,Randy,Adams,radamspz@nydailynews.com,Male,125.232.67.216,1-(435)659-4463
937,Cynthia,Stewart,cstewartq0@digg.com,Female,229.103.47.152,86-(917)803-4625
938,John,Morgan,jmorganq1@latimes.com,Male,174.253.208.37,86-(407)781-0557
939,Juan,Carpenter,jcarpenterq2@uiuc.edu,Male,58.30.55.80,7-(152)569-5208
940,Raymond,Howard,rhowardq3@marketwatch.com,Male,77.45.88.145,33-(239)227-5377
941,Marie,Peters,mpetersq4@behance.net,Female,181.240.224.137,66-(650)534-6592
942,Craig,Willis,cwillisq5@intel.com,Male,28.146.195.187,86-(439)465-0356
943,Virginia,Chapman,vchapmanq6@jiathis.com,Female,229.252.34.252,62-(986)458-9436
944,Cynthia,Hunter,chunterq7@fastcompany.com,Female,97.55.132.152,86-(884)740-6373
945,Brandon,Wilson,bwilsonq8@adobe.com,Male,4.122.159.108,976-(486)486-4904
946,Tina,Gordon,tgordonq9@tripod.com,Female,212.164.240.59,82-(668)973-4997
947,Jimmy,Miller,jmillerqa@mozilla.com,Male,89.97.183.78,27-(419)722-1406
948,Jean,Lopez,jlopezqb@123-reg.co.uk,Female,150.221.254.59,385-(116)833-3694
949,Richard,Kelly,rkellyqc@sfgate.com,Male,211.121.126.161,81-(184)238-9831
950,Nicholas,Nguyen,nnguyenqd@barnesandnoble.com,Male,76.207.98.243,380-(121)938-8664
951,Willie,Davis,wdavisqe@sun.com,Male,17.155.172.136,86-(159)473-4241
952,Jeremy,Woods,jwoodsqf@ibm.com,Male,23.163.56.112,7-(391)729-9146
953,Christopher,Wheeler,cwheelerqg@oakley.com,Male,76.180.215.92,86-(457)962-5916
954,Todd,Young,tyoungqh@irs.gov,Male,125.174.20.79,51-(882)651-8252
955,Jennifer,Woods,jwoodsqi@dot.gov,Female,66.179.94.240,55-(906)342-9911
956,Robin,Gilbert,rgilbertqj@jalbum.net,Female,116.154.203.196,86-(598)447-1933
957,Betty,Day,bdayqk@smugmug.com,Female,114.32.122.139,39-(900)829-8803
958,Amanda,Gibson,agibsonql@cbsnews.com,Female,235.230.111.164,33-(228)760-0037
959,Harold,Shaw,hshawqm@google.it,Male,93.26.11.15,86-(177)283-5417
960,Nancy,Russell,nrussellqn@domainmarket.com,Female,49.191.196.104,509-(938)160-6509
961,Thomas,Andrews,tandrewsqo@about.me,Male,0.15.107.149,266-(222)358-4762
962,Earl,Alexander,ealexanderqp@ow.ly,Male,244.76.95.52,63-(135)712-8242
963,Larry,Gardner,lgardnerqq@wikia.com,Male,46.153.196.236,86-(293)362-5103
964,Ryan,Mendoza,rmendozaqr@house.gov,Male,106.13.212.164,262-(213)309-4743
965,William,Ward,wwardqs@samsung.com,Male,26.183.174.165,52-(792)671-2111
966,Edward,Green,egreenqt@typepad.com,Male,64.236.87.27,86-(544)840-2918
967,Victor,Woods,vwoodsqu@ocn.ne.jp,Male,123.177.98.139,967-(416)228-5504
968,Jack,Long,jlongqv@uiuc.edu,Male,87.14.120.29,225-(114)598-6940
969,Sharon,Richards,srichardsqw@stanford.edu,Female,40.117.254.30,355-(249)437-5462
970,George,Gordon,ggordonqx@yellowbook.com,Male,213.65.3.209,92-(868)381-2162
971,Howard,Watson,hwatsonqy@omniture.com,Male,178.59.137.168,81-(312)169-6735
972,Lois,Chapman,lchapmanqz@telegraph.co.uk,Female,61.158.70.59,33-(285)536-8914
973,Irene,Ross,irossr0@multiply.com,Female,202.237.55.208,254-(730)907-6654
974,Jane,Burke,jburker1@dedecms.com,Female,239.194.181.133,63-(993)824-9158
975,Ruth,Arnold,rarnoldr2@de.vu,Female,56.64.218.240,1-(191)899-4757
976,Anne,Powell,apowellr3@nymag.com,Female,212.100.181.178,62-(742)646-1358
977,Doris,Garrett,dgarrettr4@reference.com,Female,196.143.202.187,46-(616)682-9753
978,Andrea,Harvey,aharveyr5@prnewswire.com,Female,203.61.193.56,372-(319)882-4149
979,Theresa,Wright,twrightr6@buzzfeed.com,Female,125.97.241.164,54-(492)661-0474
980,Beverly,Jenkins,bjenkinsr7@netlog.com,Female,237.119.88.94,48-(425)188-3308
981,Terry,Thompson,tthompsonr8@pbs.org,Male,132.99.128.40,967-(928)861-8336
982,Jean,Hart,jhartr9@cnn.com,Female,213.76.201.56,48-(764)378-2549
983,Angela,Carter,acarterra@github.io,Female,0.201.222.55,976-(138)264-2456
984,Elizabeth,Sullivan,esullivanrb@sun.com,Female,27.10.61.176,1-(342)876-6563
985,Christopher,Hayes,chayesrc@newsvine.com,Male,145.174.171.75,63-(464)661-7300
986,Jose,Oliver,joliverrd@epa.gov,Male,186.90.33.181,86-(177)383-1840
987,Gloria,Olson,golsonre@squarespace.com,Female,72.223.204.249,386-(936)963-3489
988,Katherine,Webb,kwebbrf@creativecommons.org,Female,176.77.12.128,48-(663)205-3298
989,Earl,Nelson,enelsonrg@icio.us,Male,33.231.234.100,86-(792)414-3024
990,Adam,Ford,afordrh@wp.com,Male,18.207.46.197,1-(317)524-5346
991,Jimmy,Ross,jrossri@sfgate.com,Male,39.2.205.155,86-(288)608-3430
992,Julie,Shaw,jshawrj@jigsy.com,Female,42.97.106.250,46-(635)177-4854
993,Michael,White,mwhiterk@bloglovin.com,Male,76.48.102.148,7-(587)589-5553
994,Harold,Marshall,hmarshallrl@moonfruit.com,Male,121.249.55.232,86-(842)163-6167
995,Catherine,Johnston,cjohnstonrm@epa.gov,Female,194.139.28.104,1-(237)341-1796
996,Lawrence,Green,lgreenrn@etsy.com,Male,17.172.193.98,385-(999)341-2238
997,Steven,Willis,swillisro@state.gov,Male,167.216.66.135,7-(640)934-2363
998,Alice,Torres,atorresrp@craigslist.org,Female,198.26.44.192,7-(245)455-3022
999,Ruth,Rogers,rrogersrq@go.com,Female,206.23.52.29,1-(910)185-1158
1000,Charles,Stone,cstonerr@sun.com,Male,71.220.87.136,93-(300)989-6278
